imdb_id,popularity,url,original_title,release_year,director,writer,actor,genre,region,language,release_date,runtime,alternative_title,vote_average,vote_count,vote_start5_percent,vote_start4_percent,vote_start3_percent,vote_start2_percent,vote_start1_percent,tag,watched_count,towatch_count,short_review_count,full_review_count,discussion_count,ask_count,release_year_level,first_release_date,first_release_place,budget_adj,revenue_adj
tt0111161,hot,https://movie.douban.com/subject/1292052/,肖申克的救赎 The Shawshank Redemption,1994,弗兰克·德拉邦特,"弗兰克·德拉邦特, 斯蒂芬·金","蒂姆·罗宾斯, 摩根·弗里曼, 鲍勃·冈顿, 威廉姆·赛德勒, 克兰西·布朗, 吉尔·贝罗斯, 马克·罗斯顿, 詹姆斯·惠特摩, 杰弗里·德曼, 拉里·布兰登伯格, 尼尔·吉恩托利, 布赖恩·利比, 大卫·普罗瓦尔, 约瑟夫·劳格诺, 祖德·塞克利拉, 保罗·麦克兰尼, 芮妮·布莱恩, 阿方索·弗里曼, V·J·福斯特, 弗兰克·梅德拉诺, 马克·迈尔斯, 尼尔·萨默斯, 耐德·巴拉米, 布赖恩·戴拉特, 唐·麦克马纳斯","剧情, 犯罪",美国 , 英语 ,"1994-09-10(多伦多电影节)', '1994-10-14(美国)",142, 月黑高飞(港) / 刺激1995(台) / 地狱诺言 / 铁窗岁月 / 消香克的救赎,9.7,1923567,85.1,13.4,1.3,0.1,0.1,"经典, 励志, 信念, 自由, 人性, 人生, 美国, 希望",2754309,285539,348776,9361,1634,85,1990-2000,1994-09-10,美国,36777789.039954,41693462.718575895
tt0120338,hot,https://movie.douban.com/subject/1292722/,泰坦尼克号 Titanic,1997,詹姆斯·卡梅隆,詹姆斯·卡梅隆,"莱昂纳多·迪卡普里奥, 凯特·温丝莱特, 比利·赞恩, 凯西·贝茨, 弗兰西丝·费舍, 格劳瑞亚·斯图尔特, 比尔·帕克斯顿, 伯纳德·希尔, 大卫·沃纳, 维克多·加博, 乔纳森·海德, 苏茜·爱米斯, 刘易斯·阿伯内西, 尼古拉斯·卡斯柯恩, 阿那托利·萨加洛维奇, 丹尼·努齐, 杰森·贝瑞, 伊万·斯图尔特, 艾恩·格拉法德, 乔纳森·菲利普斯, 马克·林赛·查普曼, 理查德·格拉翰, 保罗·布赖特威尔, 艾瑞克·布里登, 夏洛特·查顿, 博纳德·福克斯, 迈克尔·英塞恩, 法妮·布雷特, 马丁·贾维斯, 罗莎琳·艾尔斯, 罗切尔·罗斯, 乔纳森·伊万斯-琼斯, 西蒙·克雷恩, 爱德华德·弗莱彻, 斯科特·安德森, 马丁·伊斯特, 克雷格·凯利, 格雷戈里·库克, 利亚姆·图伊, 詹姆斯·兰开斯特, 艾尔莎·瑞雯, 卢·帕尔特, 泰瑞·佛瑞斯塔, 凯文·德·拉·诺伊","剧情, 爱情, 灾难",美国 , 英语 / 意大利语 / 德语 / 俄语 ,"1998-04-03(中国大陆)', '1997-11-01(东京电影节)', '1997-12-19(美国)",194, 铁达尼号(港/台),9.4,1406886,74.0,22.2,3.6,0.2,0.1,"爱情, 经典, 灾难, 浪漫, 美国, 感动, 奥斯卡, 大片",2312578,139284,206730,3135,662,21,1990-2000,1998-04-03,美国,271692064.214419,2506405735.41947
tt0109830,hot,https://movie.douban.com/subject/1292720/,阿甘正传 Forrest Gump,1994,罗伯特·泽米吉斯,"艾瑞克·罗斯, 温斯顿·格鲁姆","汤姆·汉克斯, 罗宾·怀特, 加里·西尼斯, 麦凯尔泰·威廉逊, 莎莉·菲尔德, 海利·乔·奥斯蒙, 迈克尔·康纳·亨弗里斯, 哈罗德·G·赫瑟姆, 山姆·安德森, 伊俄涅·M·特雷奇, 彼得·道博森, 希芳·法隆, 伊丽莎白·汉克斯, 汉娜·豪尔, 克里斯托弗·琼斯, 罗布·兰德里, 杰森·麦克奎尔, 桑尼·施罗耶, 艾德·戴维斯, 丹尼尔C.斯瑞派克, 大卫·布里斯宾, 德博拉·麦克蒂尔, 艾尔·哈林顿, 阿非莫·奥米拉, 约翰·沃德斯塔德, 迈克尔·伯吉斯, 埃里克·安德伍德, 拜伦·明斯, 斯蒂芬·布吉格沃特, 约翰·威廉·高尔特, 希拉里·沙普兰, 伊莎贝尔·罗斯, 理查德·达历山德罗, 迪克·史迪威, 迈克尔-杰斯, 杰弗里·布莱克, 瓦妮莎·罗斯, 迪克·卡维特, 马拉·苏查雷特扎, 乔·阿拉斯奇, W·本森·泰瑞","剧情, 爱情",美国 , 英语 ,"1994-06-23(洛杉矶首映)', '1994-07-06(美国)",142, 福雷斯特·冈普,9.5,1462013,76.5,20.5,2.7,0.2,0.1,"励志, 经典, 人生, 美国, 成长, 信念, 剧情, 人性",2349904,228478,223805,4739,690,48,1990-2000,1994-06-23,美国,80911135.8878989,997333314.6011789
tt0817177,hot,https://movie.douban.com/subject/3319755/,怦然心动 Flipped,2010,罗伯·莱纳,"罗伯·莱纳, 安德鲁·沙因曼, 文德琳·范·德拉安南","玛德琳·卡罗尔, 卡兰·麦克奥利菲, 瑞贝卡·德·莫妮, 安东尼·爱德华兹, 约翰·马奥尼, 佩内洛普·安·米勒, 艾丹·奎因, 凯文·韦斯曼, 摩根·莉莉, 瑞安·克茨纳, 吉莉安·普法夫, 迈克尔·博萨, 博·勒纳, 杰奎琳·埃沃拉, 泰勒·格鲁秀斯, 艾莉·布莱恩特, 阿什莉·泰勒, 伊瑟尔·布罗萨德, 科迪·霍恩, 迈克尔·博尔顿, 肖恩·哈珀, 斯戴芬妮·斯考特, 帕特丽夏·伦茨, 马修·戈尔德, 阿罗拉·凯瑟琳·史密斯, 凯莉·唐纳利, 索菲亚·撒高, 米歇尔·梅斯默, Scott Joel Gizicki, Rod Myers, Kara Pacitto, Katelyn Pacitto","剧情, 喜剧, 爱情",美国 , 英语 ,"2010-07-26(好莱坞首映)', '2010-09-10(美国)",90, 萌动青春 / 青春萌动 / 冒失 / 梧桐树之恋,9.1,1196930,60.8,31.8,6.8,0.4,0.1,"爱情, 青春, 成长, 初恋, 浪漫, 温情, 文艺, 经典",1900889,280075,268484,5747,355,35,2000-2010,2010-07-26,美国,14000000.0,1755212.0
tt1187043,hot,https://movie.douban.com/subject/3793023/,三傻大闹宝莱坞 3 Idiots,2009,拉吉库马尔·希拉尼,"维德胡·维诺德·乔普拉, 拉吉库马尔·希拉尼, 阿希贾特·乔希","阿米尔·汗, 卡琳娜·卡普尔, 马达范, 沙尔曼·乔希, 奥米·瓦依达, 博曼·伊拉尼, 莫娜·辛格, 拉杰夫·拉宾德拉纳特安","剧情, 喜剧, 爱情, 歌舞",印度 , 印地语 / 乌尔都语 / 英语 ,"2011-12-08(中国大陆)', '2009-12-25(印度)",171, 三个傻瓜(台) / 作死不离3兄弟(港) / 三个白痴 / 三个傻蛋 / 三个呆瓜 / 三生万悟 / 寻找兰彻 / Three Idiots,9.2,1294742,68.1,25.8,5.3,0.5,0.3,"励志, 印度, 喜剧, 搞笑, 人生, 宝莱坞, 经典, 剧情",2022489,154424,245155,4316,541,36,2000-2010,2011-12-08,印度,9147603.90712458,71148030.38874671
tt1375666,hot,https://movie.douban.com/subject/3541415/,盗梦空间 Inception,2010,克里斯托弗·诺兰,克里斯托弗·诺兰,"莱昂纳多·迪卡普里奥, 约瑟夫·高登-莱维特, 艾伦·佩吉, 汤姆·哈迪, 渡边谦, 迪利普·劳, 基里安·墨菲, 汤姆·贝伦杰, 玛丽昂·歌迪亚, 皮特·波斯尔思韦特, 迈克尔·凯恩, 卢卡斯·哈斯, 李太力, 克莱尔·吉尔蕾, 马格努斯·诺兰, 泰勒·吉蕾, 乔纳森·吉尔, 水源士郎, 冈本玉二, 厄尔·卡梅伦, 瑞恩·海沃德, 米兰达·诺兰, 拉什·费加, 蒂姆·科勒赫, 妲露拉·莱莉","剧情, 科幻, 悬疑, 冒险",美国 / 英国 , 英语 / 日语 / 法语 ,"2010-09-01(中国大陆)', '2010-07-16(美国)",148, 潜行凶间(港) / 全面启动(台) / 奠基 / 心灵犯案 / 记忆迷阵 / 记忆魔方,9.3,1407565,70.8,25.0,3.8,0.2,0.1,"科幻, 悬疑, 心理, 美国, 剧情, 经典, 哲学, 梦",2257781,267420,260504,5716,2259,103,2000-2010,2010-09-01,美国,160000000.0,825500000.0
tt1028532,hot,https://movie.douban.com/subject/3011091/,"""忠犬八公的故事 Hachi: A Dogs Tale""",2009,拉斯·霍尔斯道姆,"斯蒂芬·P·林赛, 新藤兼人","理查·基尔, 萨拉·罗默尔, 琼·艾伦, 罗比·萨布莱特, 艾瑞克·阿瓦利, 田川洋行, 杰森·亚历山大, 罗伯特·卡普荣",剧情,美国 / 英国 , 英语 / 日语 ,"2009-06-13(西雅图电影节)', '2010-03-12(英国)",93, 忠犬小八(台) / 秋田犬八千(港) / 忠犬传奇,9.4,968461,72.9,22.6,4.1,0.3,0.1,"感人, 温情, 动物, 温暖, 真实事件改编, 人性, 美国, 剧情",1723936,229801,197388,3491,432,26,2000-2010,2009-06-13,英国,16262406.9459992,48585352.5313757
tt0454921,hot,https://movie.douban.com/subject/1849031/,当幸福来敲门 The Pursuit of Happyness,2006,加布里埃莱·穆奇诺,斯蒂夫·康拉德,"威尔·史密斯, 贾登·史密斯, 坦迪·牛顿, 布莱恩·豪威 , 詹姆斯·凯伦, 丹·卡斯泰兰尼塔, 柯特·富勒, 塔卡尤·费舍尔, 凯文·韦斯特, 乔治·张, 戴维·迈克尔·西尔弗曼, 多米尼克·博夫, 杰弗·卡伦, 乔伊芙·拉文, 斯科特·克拉斯","剧情, 家庭, 传记",美国 , 英语 / 粤语 ,"2008-01-17(中国大陆)', '2006-12-15(美国)",117, 寻找快乐的故事(港) / 追求快乐 / 幸福追击 / The Pursuit of Happiness,9.1,1038231,62.4,31.0,6.1,0.4,0.1,"励志, 父子, 感动, 人生, 经典, 家庭, 美国电影, 剧情",1707248,196001,154357,3837,502,14,2000-2010,2008-01-17,美国,59491803.7060365,332156039.213103
tt0120382,hot,https://movie.douban.com/subject/1292064/,楚门的世界 The Truman Show,1998,彼得·威尔,安德鲁·尼科尔,"金·凯瑞, 劳拉·琳妮, 艾德·哈里斯, 诺亚·艾默里奇, 娜塔莎·麦克艾霍恩","剧情, 科幻",美国 , 英语 ,1998-06-05(美国),103, 真人Show(港) / 真人戏 / 真人世界 / 楚门秀 / 真人秀,9.3,1030908,68.5,27.2,4.0,0.2,0.1,"人性, 经典, 楚门的世界, 美国, 剧情, 人生, 自由, JimCarrey",1603553,290513,190050,5058,491,54,1990-2000,1998-06-05,美国,80261728.1446979,353309720.778811
tt0499549,hot,https://movie.douban.com/subject/1652587/,阿凡达 Avatar,2009,詹姆斯·卡梅隆,詹姆斯·卡梅隆,"萨姆·沃辛顿, 佐伊·索尔达娜, 西格妮·韦弗, 史蒂芬·朗, 米歇尔·罗德里格兹, 吉奥瓦尼·瑞比西, 乔·大卫·摩尔 , 希·庞德, 韦斯·斯塔迪, 拉兹·阿隆索, 迪利普·劳, 马特·杰拉德, 肖恩·安东尼·莫兰","动作, 科幻, 冒险",美国 / 英国 , 英语 / 西班牙语 ,"2010-01-04(中国大陆)', '2009-12-18(美国)",162, 天神下凡(港) / 化身 / 异次元战神 / 神之化身,8.7,914976,50.2,36.8,11.8,0.9,0.3,"科幻, 3D, 美国, 震撼, IMAX, 史诗, 特效, 战争",1604531,105537,142461,4301,1789,17,2000-2010,2010-01-04,美国,240886902.887613,2827123750.41189
tt0816692,hot,https://movie.douban.com/subject/1889243/,星际穿越 Interstellar,2014,克里斯托弗·诺兰,"乔纳森·诺兰, 克里斯托弗·诺兰","马修·麦康纳, 安妮·海瑟薇, 杰西卡·查斯坦, 卡西·阿弗莱克, 迈克尔·凯恩, 马特·达蒙, 麦肯吉·弗依, 蒂莫西·柴勒梅德, 艾伦·伯斯汀, 约翰·利思戈, 韦斯·本特利, 大卫·吉亚西, 比尔·欧文, 托弗·戈瑞斯, 科莱特·沃夫, 弗朗西斯·X·麦卡蒂, 安德鲁·博尔巴, 乔什·斯图沃特, 莱雅·卡里恩斯, 利亚姆·迪金森, 杰夫·赫普内尔, 伊莱耶斯·加贝尔, 布鲁克·史密斯, 大卫·奥伊罗, 威廉姆·德瓦内, 拉什·费加, 格里芬·弗雷泽, 弗洛拉·诺兰","剧情, 科幻, 冒险",美国 / 英国 / 加拿大 / 冰岛 , 英语 ,"2014-11-12(中国大陆)', '2014-11-07(美国)",169," 星际启示录(港) / 星际效应(台) / 星际空间 / 星际之间 / 星际远航 / 星际 / Flora's Letter""",9.3,1042397,70.9,23.7,4.6,0.4,0.3,"科幻, 太空, 宇宙, 美国, 人性, 亲情, 冒险, 震撼",1583490,224291,237262,4904,667,1208,2010-2020,2014-11-12,美国,151980023.37728998,572690645.122961
tt0241527,hot,https://movie.douban.com/subject/1295038/,"""哈利·波特与魔法石 Harry Potter and the Sorcerers Stone""",2001,克里斯·哥伦布,"史蒂夫·克洛夫斯, J·K·罗琳","丹尼尔·雷德克里夫, 艾玛·沃森, 鲁伯特·格林特, 艾伦·瑞克曼, 玛吉·史密斯, 汤姆·费尔顿, 伊恩·哈特, 理查德·哈里斯, 约翰·赫特, 罗彼·考特拉尼, 朱丽·沃特斯, 邦妮·怀特, 约翰·克立斯, 肖恩·比格斯代夫","奇幻, 冒险",美国 / 英国 , 英语 ,"2002-01-26(中国大陆)', '2001-11-04(英国首映)', '2001-11-16(美国)",152," 哈利波特1：神秘的魔法石(港/台) / 哈1 / Harry Potter and the Philosopher's Stone""",9.0,608511,58.3,33.6,7.6,0.4,0.1,"哈利波特, 魔幻, 奇幻, 英国, 经典, 美国, harrypotter, 成长",1029686,52457,71170,519,91,11,2000-2010,2002-01-26,美国,153936014.58673,1202518036.06708
tt1049413,hot,https://movie.douban.com/subject/2129039/,飞屋环游记 Up,2009,"彼特·道格特, 鲍勃·彼德森","彼特·道格特, 鲍勃·彼德森, 汤姆·麦卡锡","爱德华·阿斯纳, 克里斯托弗·普卢默, 乔丹·长井, 鲍勃·彼德森, 德尔罗伊·林多, 杰罗姆·兰福特, 约翰·拉岑贝格, 大卫·卡耶, 艾丽·道克特, 杰里米·利里, 米凯·麦高万, 丹尼·曼恩, 唐纳德·富利洛夫, 杰斯·哈梅尔, 乔什·库雷, 彼特·道格特","剧情, 喜剧, 动画, 冒险",美国 , 英语 ,"2009-08-04(中国大陆)', '2009-05-13(戛纳电影节)', '2009-05-29(美国)",96, 冲天救兵(港) / 天外奇迹(台) / 飞屋历险记,9.0,915583,58.1,34.4,7.0,0.3,0.1,"动画, 梦想, 美国, 冒险, 爱情, pixar, 温情, Disney",1494909,184347,136637,2634,503,15,2000-2010,2009-08-04,美国,177870075.97186598,743337082.495734
tt0454876,hot,https://movie.douban.com/subject/1929463/,少年派的奇幻漂流 Life of Pi,2012,李安,"扬·马特尔, 大卫·麦基","苏拉·沙玛, 伊尔凡·可汗, 拉菲·斯波, 阿迪勒·侯赛因, 塔布, 阿尤什·坦东, 加塔姆·贝鲁尔, 阿彦·汗, 穆德·阿巴斯·卡勒里, 维比什·希瓦库玛, 热拉尔·德帕迪约, 詹姆斯·塞托, 俊·奈托, 安德里亚·迪·斯戴法诺, 沙拉万提·塞纳特, 王柏杰, 柯一正, 黄健玮","剧情, 奇幻, 冒险",美国 / 中国台湾 / 英国 / 加拿大 , 英语 / 泰米尔语 / 法语 / 日语 / 印地语 / 汉语普通话 ,"2012-11-22(中国大陆)', '2012-09-28(纽约电影节)', '2012-11-21(美国)",127, 少年Pi的奇幻漂流 / 漂流少年Pi,9.1,988815,60.8,31.9,6.6,0.5,0.2,"奇幻, 冒险, 人性, 美国, 人生, 3D, 剧情, 文艺",1547134,204139,219002,7233,839,35,2010-2020,2012-11-22,美国,113969313.76226899,578409999.857538
tt1323594,hot,https://movie.douban.com/subject/3287562/,神偷奶爸 Despicable Me,2010,"皮埃尔·柯芬, 克里斯·雷纳德","肯·道里欧, 塞尔希奥·巴勃罗斯, 辛科·保罗","史蒂夫·卡瑞尔, 杰森·席格尔, 拉塞尔·布兰德, 朱莉·安德鲁斯, 威尔·阿奈特, 克里斯汀·韦格, 米兰达·卡斯格拉夫, 达纳·盖尔, 艾尔西·费舍尔, 皮埃尔·柯芬, 克里斯·雷纳德, 杰梅奈·克莱门特, 杰克·麦克布瑞尔, 丹尼·麦克布莱德, 敏迪·卡灵, 罗布·许贝尔, 肯·道里欧, 郑肯","喜剧, 动画, 冒险",美国 / 法国 , 英语 ,"2010-06-20(莫斯科电影节)', '2010-07-09(美国)",95, 卑鄙的我 / 坏蛋奖门人(港) / 偷天换“月”(港) / 我很贱 / Baby的我,8.6,671506,42.1,45.4,11.8,0.6,0.1,"动画, 喜剧, 美国, 卑鄙的我, 搞笑, 动画片, 美国电影, 温情",1174028,79947,91731,562,86,10,2000-2010,2010-06-20,美国,69000000.0,543513985.0
tt0848228,hot,https://movie.douban.com/subject/1866479/,复仇者联盟 The Avengers,2012,乔斯·韦登,"乔斯·韦登, 扎克·佩恩","小罗伯特·唐尼, 克里斯·埃文斯, 斯嘉丽·约翰逊, 克里斯·海姆斯沃斯, 杰瑞米·雷纳, 马克·鲁弗洛, 塞缪尔·杰克逊, 汤姆·希德勒斯顿, 斯特兰·斯卡斯加德, 寇碧·史莫德斯, 克拉克·格雷格, 保罗·贝坦尼, 格温妮斯·帕特洛","动作, 科幻, 奇幻, 冒险",美国 , 英语 / 俄语 ,"2012-05-05(中国大陆)', '2012-05-04(美国)",142, 复仇者 / 复联 / 妇联(豆友译名),8.2,532947,33.0,46.4,18.4,1.7,0.5,"科幻, 美国, 漫画英雄, 动作, MARVEL, 漫画改编, 漫威, 2012",1343720,45842,109062,1121,347,31,2010-2020,2012-05-05,美国,208943741.897494,1443191435.20607
tt0910970,hot,https://movie.douban.com/subject/2131459/,机器人总动员 WALL·E,2008,安德鲁·斯坦顿,"安德鲁·斯坦顿, 吉姆·里尔顿, 彼特·道格特","本·贝尔特, 艾丽莎·奈特, 杰夫·格尔林, 佛莱德·威拉特, 西格妮·韦弗, MacInTalk, 约翰·拉岑贝格, 凯茜·纳基麦, 泰迪·牛顿, 鲍伯·伯根, 洛丽·理查德森, 吉姆·瓦德, 彼特·道格特, 安德鲁·斯坦顿, 杰夫·皮金, 约翰·齐甘, 米凯·麦高万, 雪莉·琳恩, 克莱特·惠特克, 唐纳德·富利洛夫, 罗里·艾伦, 杰斯·哈梅尔, 拉瑞恩·纽曼, 扬·拉布森, 保罗·伊丁","科幻, 动画, 冒险",美国 , 英语 ,2008-06-27(美国),98, 瓦力(台) / 太空奇兵·威E(港) / 星际总动员 / 地球废品分装员 / 机器人瓦力 / walle,9.3,928591,71.3,24.3,4.1,0.2,0.1,"动画, 科幻, 感人, 美国, 皮克斯, 爱情, 环保, 迪斯尼",1458346,204761,151869,2744,884,19,2000-2010,2008-06-27,美国,182301594.08565,527977683.854196
tt2245084,hot,https://movie.douban.com/subject/11026735/,超能陆战队 Big Hero 6,2014,"唐·霍尔, 克里斯·威廉姆斯","乔丹·罗伯茨, 丹尼尔·吉尔森, 罗伯特·L·贝尔德","斯科特·安第斯, 瑞恩·波特, 丹尼尔·海尼, T·J·米勒, 杰米·钟, 小达蒙·韦恩斯, 珍尼希斯·罗德里格兹, 詹姆斯·克伦威尔, 艾伦·图代克, 玛娅·鲁道夫, 亚布拉哈姆·本鲁比, 凯蒂·洛斯, 比利·布什, 丹尼尔·吉尔森, 保罗·布里格斯","喜剧, 动作, 科幻, 动画, 冒险",美国 , 英语 ,"2015-02-28(中国大陆)', '2014-10-23(东京电影节)', '2014-11-07(美国)",102, 大英雄联盟(港) / 大英雄天团(台) / 六大英雄 / (●—●),8.7,669357,46.2,41.9,11.1,0.7,0.2,"动画, 迪斯尼, 美国, 科幻, 温情, 喜剧, 搞笑, 大白",1042732,62256,126678,780,62,143,2010-2020,2015-02-28,美国,151980023.37728998,600648487.706658
tt0371746,hot,https://movie.douban.com/subject/1432146/,钢铁侠 Iron Man,2008,乔恩·费儒,"阿特·马库姆, 马特·霍洛维, 马克·弗格斯, 霍克·奥斯比","小罗伯特·唐尼, 泰伦斯·霍华德, 格温妮斯·帕特洛, 杰夫·布里吉斯, 莱丝莉·比伯, 肖恩·托布 , 保罗·贝坦尼, 乔恩·费儒, 克拉克·格雷格","动作, 科幻, 惊悚, 冒险",美国 , 英语 / 波斯语 / 乌尔都语 / 阿拉伯语 ,"2008-04-30(中国大陆)', '2008-04-14(悉尼首映)', '2008-05-02(美国)",126, 铁甲奇侠(港) / 钢铁人(台) / 铁人,8.3,438467,33.2,48.5,17.0,1.0,0.2,"科幻, 美国, 动作, 超级英雄, 漫威, marvel, 2008, 漫画改编",1093166,27772,56844,695,282,9,2000-2010,2008-04-30,美国,141790128.733283,592656630.491278
tt0099487,hot,https://movie.douban.com/subject/1292370/,剪刀手爱德华 Edward Scissorhands,1990,蒂姆·波顿,"蒂姆·波顿, 卡罗琳·汤普森","约翰尼·德普, 薇诺娜·瑞德, 黛安·韦斯特, 安东尼·迈克尔·豪尔, 凯西·贝克, 罗伯特·奥利维里, 康查塔·费雷尔, 卡罗琳·阿隆, 迪克·安东尼·威廉姆斯, 澳澜·琼斯, 文森特·普莱斯, 艾伦·阿金, 苏珊·布洛马特, 约翰·戴维森, Bryan Larkin, Victoria Price, Stuart Lancaster, Gina Gallagher, 阿隆·鲁斯汀, 阿兰·弗吉, 史蒂文·布里尔, Peter Palmer, 马克·麦考利, 唐娜·派洛尼, Ken DeVaul, Kathy Dombo, Tabetha Thomas, 尼克·卡特","剧情, 爱情, 奇幻",美国 , 英语 ,1990-12-06(美国),105, 幻海奇缘(港),8.7,773845,48.0,40.0,11.0,0.8,0.2,"爱情, JohnnyDepp, 剪刀手爱德华, 经典, 童话, 美国, 科幻, TimBurton",1292094,184709,114879,2047,249,20,1980-1990,1990-12-06,美国,33377970.806291603,88451622.6366727
tt2395427,hot,https://movie.douban.com/subject/10741834/,复仇者联盟2：奥创纪元 Avengers: Age of Ultron,2015,乔斯·韦登,"乔斯·韦登, 斯坦·李, 杰克·科比","小罗伯特·唐尼, 克里斯·海姆斯沃斯, 马克·鲁弗洛, 克里斯·埃文斯, 斯嘉丽·约翰逊, 杰瑞米·雷纳, 詹姆斯·斯派德, 塞缪尔·杰克逊, 唐·钱德尔, 亚伦·泰勒-约翰逊, 伊丽莎白·奥尔森, 保罗·贝坦尼, 寇碧·史莫德斯, 安东尼·麦凯, 海莉·阿特维尔, 伊德里斯·艾尔巴, 斯特兰·斯卡斯加德, 金秀贤, 托马斯·克莱舒曼, 安迪·瑟金斯, 朱莉·德尔佩, 斯坦·李, 亨利·古德曼, 多米尼克·普罗沃斯特-切克利, 艾萨克·安德鲁斯","动作, 科幻, 奇幻, 冒险",美国 , 英语 / 韩语 ,"2015-05-12(中国大陆)', '2015-05-01(美国)",142, 复仇者联盟2 / 复仇者联盟：奥创时代 / 复仇者联盟：奥创年代 / 复联2 / 妇联2(豆友译名) / Marvel Avengers: Age of Ultron / The Avengers 2 / After Party,7.4,408522,18.8,41.1,34.5,4.6,0.9,"科幻, 美国, 漫威, 复仇者联盟, 超级英雄, Marvel, 动作, 2015",1045720,43129,76328,665,97,215,2010-2020,2015-05-12,美国,257599886.656049,1292632336.88177
tt1859438,hot,https://movie.douban.com/subject/4739952/,初恋这件小事 สิ่งเล็กเล็กที่เรียกว่า...รัก,2010,"普特鹏·普罗萨卡·那·萨克那卡林, 华森·波克彭",普特鹏·普罗萨卡·那·萨克那卡林,"平采娜·乐维瑟派布恩, 马里奥·毛瑞尔, 苏达拉·布查蓬, 雅尼卡·桑普蕾舞, 诺特·阿查拉那·阿瑞亚卫考, 皮拉瓦特·赫拉巴特, 普特鹏·普罗萨卡·那·萨克那卡林, 华森·波克彭","剧情, 喜剧, 爱情",泰国 , 泰语 / 印度尼西亚语 / 英语 ,"2012-06-05(中国大陆)', '2010-08-12(泰国)",118, 初恋那件小事(港) / 暗恋那点小事 / 叫做爱的小事 / Sing lek lek tee reak wa rak / A Little Thing Called Love / First Love,8.4,731215,39.6,42.4,16.1,1.5,0.4,"青春, 爱情, 泰国, 初恋, 校园, 成长, 少年, 2010",1343181,88458,164616,4154,191,20,2000-2010,2012-06-05,泰国,0.0,0.0
tt0108052,hot,https://movie.douban.com/subject/1295124/,"""辛德勒的名单 Schindlers List""",1993,史蒂文·斯皮尔伯格,"托马斯·肯尼利, 斯蒂文·泽里安","连姆·尼森, 本·金斯利, 拉尔夫·费因斯, 卡罗琳·古多尔, 乔纳森·萨加尔, 艾伯丝·戴维兹, 马尔戈萨·格贝尔, 马克·伊瓦涅, 碧翠斯·马科拉, 安德烈·瑟韦林, 弗里德里希·冯·图恩, 克齐斯茨托夫·拉夫特, 诺伯特·魏塞尔","剧情, 历史, 战争",美国 , 英语 / 希伯来语 / 德语 / 波兰语 ,"1993-11-30(华盛顿首映)', '1994-02-04(美国)",195, 舒特拉的名单(港) / 辛德勒名单,9.5,747244,78.6,18.8,2.3,0.1,0.1,"人性, 二战, 经典, 战争, 斯皮尔伯格, 辛德勒的名单, 美国, 剧情",1139233,369242,110451,2216,327,31,1990-2000,1993-11-30,美国,33208339.1573716,484941026.518066
tt0325980,hot,https://movie.douban.com/subject/1298070/,加勒比海盗 Pirates of the Caribbean: The Curse of the Black Pearl,2003,戈尔·维宾斯基,"泰德·艾略特, 特里·鲁西奥, 斯图尔特·贝亚蒂耶, 杰·沃尔伯特","约翰尼·德普, 杰弗里·拉什, 奥兰多·布鲁姆, 凯拉·奈特莉, 杰克·达文波特, 乔纳森·普雷斯","动作, 奇幻, 冒险",美国 , 英语 ,"2003-11-21(中国大陆)', '2003-07-09(美国)",143, 加勒比海盗1：黑珍珠号的诅咒 / 神鬼奇航：鬼盗船魔咒(台) / 魔盗王：决战鬼盗船 / 海盗船,8.7,605875,48.2,41.2,10.0,0.5,0.1,"加勒比海盗, 魔幻, 海盗, 美国, 奇幻, 动作, 冒险, 约翰尼·德普",1083143,69544,57677,380,81,23,2000-2010,2003-11-21,美国,165949370.269553,776419286.73064
tt0093389,hot,https://movie.douban.com/subject/1293172/,末代皇帝 The Last Emperor,1987,贝纳尔多·贝托鲁奇,"贝纳尔多·贝托鲁奇, 马克·派普罗","尊龙, 陈冲, 邬君梅, 彼得·奥图尔, 英若诚, 吴涛, 黄自强, 丹尼斯·邓恩, 坂本龙一, 马吉·汉, 里克·扬, 田川洋行, 苟杰德, 理查德·吴, 皱缇格, 陈凯歌, 卢燕, 区亨利, 陈述, 鲍皓昕, 黄文捷, 邵茹贞, 亨利·基, 张良斌, 梁冬, 康斯坦丁·格雷戈里, 黄汉琪, 王涛, 宋怀桂, 蔡鸿翔, 程淑艳, 张天民","剧情, 传记, 历史",英国 / 意大利 / 中国大陆 / 法国 , 英语 / 汉语普通话 / 日语 ,"1987-10-04(东京国际电影节)', '1987-10-23(意大利)",163, 末代皇帝溥仪(港),9.2,476448,67.1,27.8,4.7,0.3,0.1,"历史, 传记, 溥仪, 经典, 人生, 意大利, 剧情, 奥斯卡",728758,265870,92743,1965,346,57,1980-1990,1987-10-04,意大利,44138850.075487,84409275.3763364
tt2015381,hot,https://movie.douban.com/subject/7065154/,银河护卫队 Guardians of the Galaxy,2014,詹姆斯·古恩,"詹姆斯·古恩, 尼科尔·帕尔曼, 丹·阿布内特, 安迪·兰宁","克里斯·帕拉特, 佐伊·索尔达娜, 布莱德利·库珀, 范·迪塞尔, 戴夫·巴蒂斯塔, 李·佩斯, 迈克尔·鲁克, 凯伦·吉兰, 杰曼·翰苏, 本尼西奥·德尔·托罗, 约翰·C·赖利, 格伦·克洛斯, 劳拉·哈德克, 肖恩·古恩, 彼得·塞拉菲诺威茨, 埃米特·斯坎伦, 奥菲利亚·拉维邦德","动作, 科幻, 冒险",美国 / 英国 , 英语 / 萨卡语 ,"2014-10-10(中国大陆)', '2014-07-21(洛杉矶首映)', '2014-08-01(美国)",121, 银河守护队(港) / 星际异攻队(台) / 银河守卫者 / 银河守护者 / Full Tilt / G.O.T.G.,8.1,411942,29.0,48.4,20.2,2.0,0.5,"科幻, 美国, 漫威, Marvel, 超级英雄, 搞笑, 喜剧, 2014",1024715,43861,85710,501,53,144,2010-2020,2014-10-10,美国,156585478.631148,712291130.169508
tt0458339,hot,https://movie.douban.com/subject/2138838/,美国队长 Captain America: The First Avenger,2011,乔·庄斯顿,"克里斯托弗·马库斯, 斯蒂芬·麦克菲利, 乔·西蒙, 杰克·科比","克里斯·埃文斯, 海莉·阿特维尔, 塞巴斯蒂安·斯坦, 汤米·李·琼斯, 雨果·维文, 多米尼克·库珀, 理查德·阿米蒂奇, 斯坦利·图齐, 塞缪尔·杰克逊, 托比·琼斯, 尼尔·麦克唐纳, 德里克·卢克, 肯尼斯·崔, 约翰·约瑟夫·菲尔德, 娜塔莉·多默尔","动作, 科幻, 冒险",美国 , 英语 / 挪威语 / 法语 ,"2011-09-09(中国大陆)', '2011-07-19(加州首映)', '2011-07-22(美国)",124, 复仇者先锋,7.0,287713,13.7,33.7,43.7,7.6,1.3,"科幻, 美国, 美国队长, 漫画改编, 动作, 漫威, marvel, 2011",871064,23956,50638,412,106,21,2010-2020,2011-09-09,美国,135715725.96280602,359229613.559164
tt1228705,hot,https://movie.douban.com/subject/3066739/,钢铁侠2 Iron Man 2,2010,乔恩·费儒,贾斯汀·塞洛克斯,"小罗伯特·唐尼, 格温妮斯·帕特洛, 米基·洛克, 斯嘉丽·约翰逊, 山姆·洛克威尔, 唐·钱德尔, 塞缪尔·杰克逊, 乔恩·费儒, 保罗·贝坦尼, 克拉克·格雷格, 凯特·玛拉, 约翰·斯拉特里","动作, 科幻, 冒险",美国 , 英语 / 法语 / 俄语 ,2010-05-07(中国大陆/美国),124, 铁甲奇侠2(港) / 钢铁人2(台) / 铁人2,7.6,330276,20.2,43.5,32.7,3.2,0.4,"科幻, 美国, 钢铁侠, 动作, 漫威, 漫画改编, 美国电影, RobertDowneyJr",937292,28541,43337,475,141,7,2000-2010,2010-05-07,美国,200000000.0,623933331.0
tt0295297,hot,https://movie.douban.com/subject/1296996/,哈利·波特与密室 Harry Potter and the Chamber of Secrets,2002,克里斯·哥伦布,"史蒂夫·克洛夫斯, J·K·罗琳","丹尼尔·雷德克里夫, 艾玛·沃森, 鲁伯特·格林特, 汤姆·费尔顿, 理查德·格雷弗斯, 费奥纳·肖, 托比·琼斯, 朱丽·沃特斯, 邦妮·怀特, 詹森·艾萨克, 肯尼思·布拉纳, 艾伦·瑞克曼, 理查德·哈里斯, 玛吉·史密斯, 约翰·克立斯, 肖恩·比格斯代夫, 克里斯·兰金, 克里斯蒂安·库尔森","奇幻, 冒险",美国 / 英国 / 德国 , 英语 ,"2003-01-24(中国大陆)', '2002-11-15(英国/美国)",161, 哈利波特2：消失的密室(港/台) / 哈2,8.6,378154,42.8,43.9,12.5,0.6,0.1,"哈利波特, 魔幻, HarryPotter, 英国, 美国, 奇幻, 2002, 科幻",690840,17859,30470,156,65,10,2000-2010,2003-01-24,美国,121226139.362054,1062775600.9604
tt1843866,hot,https://movie.douban.com/subject/6390823/,美国队长2 Captain America: The Winter Soldier,2014,"安东尼·罗素, 乔·罗素","克里斯托弗·马库斯, 斯蒂芬·麦克菲利","克里斯·埃文斯, 斯嘉丽·约翰逊, 塞巴斯蒂安·斯坦, 安东尼·麦凯, 海莉·阿特维尔, 艾米丽·万凯普, 罗伯特·雷德福, 塞缪尔·杰克逊, 寇碧·史莫德斯, 卡兰·马尔韦, 弗兰克·格里罗, 斯坦·李, 托比·琼斯, 珍妮·艾加特, 乔治·圣皮埃尔, 盖瑞·山德林, 阿兰·戴尔, 黄经汉, 阿德托库姆布斯·麦克马克, 多米尼克·瑞恩斯","动作, 科幻, 冒险",美国 , 英语 / 法语 ,"2014-04-04(美国/中国大陆)', '2014-03-13(加州首映)",136, 美队2 / 美国队长2：冬日战士 / 美国队长2：酷寒战士(台) / 美国队长2：寒冬战士 / 美国队长：冬兵 / Captain America 2,8.0,362402,26.5,49.6,22.0,1.6,0.4,"美国, 科幻, 美国队长, 超级英雄, Marvel, 动作, 2014, 漫画改编",927401,35982,70616,534,74,165,2010-2020,2014-04-04,加州首映,156585478.631148,658365092.859794
tt0468569,hot,https://movie.douban.com/subject/1851857/,蝙蝠侠：黑暗骑士 The Dark Knight,2008,克里斯托弗·诺兰,"乔纳森·诺兰, 克里斯托弗·诺兰, 大卫·S·高耶","克里斯蒂安·贝尔, 希斯·莱杰, 艾伦·艾克哈特, 迈克尔·凯恩, 玛吉·吉伦哈尔, 加里·奥德曼, 摩根·弗里曼, 莫尼克·加布里埃拉·库尔内, 罗恩·迪恩, 基里安·墨菲, 黄经汉, 内斯特·卡博内尔, 埃里克·罗伯茨, 里特奇·科斯特, 安东尼·迈克尔·豪尔, 基斯·斯扎拉巴基克, 柯林·麦克法兰, 约书亚·哈尔托, 美琳达·麦格劳, 内森·甘宝, 迈克尔·维约, 迈克尔·斯托扬诺夫, 威廉·斯米利, 丹尼·高德林, 迈克尔·加·怀特, 马修·奥尼尔, 威廉·菲克纳, 欧鲁米基·欧拉乌米, 格雷格·比姆, 爱利克·赫尔曼, 毕崔斯·罗森, 文森佐·尼克力, 陈冠希","剧情, 动作, 科幻, 惊悚, 犯罪",美国 / 英国 , 英语 / 汉语普通话 ,"2008-07-14(纽约首映)', '2008-07-18(美国)",152, 蝙蝠侠前传2：黑暗骑士 / 黑暗骑士(台) / 蝙蝠侠-黑夜之神(港) / 蝙蝠侠6：暗夜骑士 / Batman: The Dark Knight / TDK,9.2,699344,66.3,26.9,6.2,0.5,0.2,"诺兰, 美国, 科幻, 犯罪, 人性, 动作, 经典, 漫画改编",1086935,159736,113566,2085,733,66,2000-2010,2008-07-14,美国,187365527.254695,1014733032.48168
tt0110357,hot,https://movie.douban.com/subject/1301753/,狮子王 The Lion King(1994),1994,"罗杰·阿勒斯, 罗伯·明可夫","艾琳·梅琪, 乔纳森·罗伯特 , 琳达·伍尔芙顿","乔纳森·泰勒·托马斯, 马修·布罗德里克, 杰瑞米·艾恩斯, 詹姆斯·厄尔·琼斯, 莫伊拉·凯利, 内森·连恩, 尼基塔·卡兰姆, 厄尼·萨贝拉, 乌比·戈德堡, 罗温·艾金森","动画, 歌舞, 冒险",美国 , 英语 / 斯瓦希里语 / 科萨语 / 祖鲁语 ,"1995-07-15(中国大陆)', '1994-06-15(美国)', '2011-09-16(美国)",89, 狮子王3D,9.0,539365,58.8,33.8,7.0,0.3,0.1,"动画, 迪斯尼, 经典, 美国, 童年, 成长, 励志, 亲情",964016,116316,57675,440,86,5,1990-2000,1995-07-15,美国,66200020.2719173,1159591590.00826
tt0304141,hot,https://movie.douban.com/subject/1291544/,哈利·波特与阿兹卡班的囚徒 Harry Potter and the Prisoner of Azkaban,2004,阿方索·卡隆,"史蒂夫·克洛夫斯, J·K·罗琳","丹尼尔·雷德克里夫, 艾玛·沃森, 鲁伯特·格林特, 加里·奥德曼, 朱丽·沃特斯, 邦妮·怀特, 大卫·休里斯, 迈克尔·刚本, 艾伦·瑞克曼, 玛吉·史密斯, 汤姆·费尔顿, 艾玛·汤普森, 朱莉·克里斯蒂, 蒂莫西·斯波","剧情, 奇幻, 冒险",英国 / 美国 , 英语 ,"2004-09-10(中国大陆)', '2004-05-31(英国)",141, 哈利波特3：阿兹卡班的逃犯(港/台) / 哈利·波特与阿兹卡班的逃犯 / 哈3,8.6,359116,44.9,42.0,12.3,0.7,0.1,"哈利波特, 魔幻, HarryPotter, 英国, 奇幻, 美国, 成长, 2004",647373,18815,32514,179,59,14,2000-2010,2004-09-10,英国,150077901.975579,911786234.1159849
tt1300854,hot,https://movie.douban.com/subject/3231742/,钢铁侠3 Iron Man 3,2013,沙恩·布莱克,"沙恩·布莱克, 德鲁·皮尔斯, 斯坦·李, 唐·赫克, 拉里·利伯, 杰克·科比","小罗伯特·唐尼, 盖·皮尔斯, 格温妮斯·帕特洛, 本·金斯利, 唐·钱德尔, 保罗·贝坦尼, 丽贝卡·豪尔, 乔恩·费儒, 威廉姆·赛德勒, 詹姆斯·戴尔, 伊芳·齐玛, 泰·辛普金斯, 阿什利·汉弥尔顿, 王学圻, 范冰冰","动作, 科幻",美国 / 中国大陆 , 英语 / 汉语普通话 ,"2013-05-01(中国大陆)', '2013-04-18(伦敦首映)', '2013-05-03(美国)",134, 铁甲奇侠3(港) / 钢铁人3(台) / 铁人3,7.8,352227,24.0,46.0,26.9,2.6,0.5,"科幻, 钢铁侠, 美国, 超级英雄, 动作, MARVEL, 2013, 漫画改编",940199,42477,71670,750,156,19,2010-2020,2013-05-01,美国,187206670.54808402,1137692372.63862
tt1201607,hot,https://movie.douban.com/subject/3011235/,哈利·波特与死亡圣器(下) Harry Potter and the Deathly Hallows: Part 2,2011,大卫·叶茨,"史蒂夫·克洛夫斯, J·K·罗琳","丹尼尔·雷德克里夫, 艾玛·沃森, 鲁伯特·格林特, 海伦娜·伯翰·卡特, 拉尔夫·费因斯, 艾伦·瑞克曼, 玛吉·史密斯, 汤姆·费尔顿, 邦妮·怀特, 朱丽·沃特斯, 迈克尔·刚本, 伊文娜·林奇, 多姆纳尔·格里森, 克蕾曼丝·波西, 詹森·艾萨克, 海伦·麦克洛瑞, 马修·刘易斯, 梁佩诗, 约翰·赫特, 大卫·休里斯, 加里·奥德曼, 吉姆·布劳德本特, 艾玛·汤普森, 娜塔丽·特纳, 蒂莫西·斯波, 大卫·布拉德利, 罗彼·考特拉尼, 凯莉·麦克唐纳, 塞伦·希德","剧情, 悬疑, 奇幻, 冒险",美国 / 英国 , 英语 ,"2011-08-04(中国大陆)', '2011-07-15(美国)",130, 哈利波特7：死神的圣物2(港/台) / 哈利·波特与死圣(下) / 哈7(下) / 哈利·波特大结局,8.8,498898,53.2,35.1,10.7,0.8,0.2,"魔幻, 英国, 成长, 奇幻, 青春, 美国, HarryPotter, 2011",824902,58295,88507,2075,311,16,2010-2020,2011-08-04,美国,121174755.323934,1287183997.5648699
tt0478970,hot,https://movie.douban.com/subject/1866473/,蚁人 Ant-Man,2015,佩顿·里德,"斯坦·李, 杰克·科比, 拉里·利伯, 埃德加·赖特, 乔·考尼什, 亚当·麦凯, 保罗·路德","保罗·路德, 迈克尔·道格拉斯, 伊万杰琳·莉莉, 寇瑞·斯托尔, 迈克尔·佩纳, 大卫·达斯马齐连, 朱迪·格雷尔, 鲍比·坎纳瓦尔, 约翰·斯拉特里, 伍德·哈里斯, T.I., 海莉·阿特维尔, 瓦内萨·罗斯, 马丁·唐文, 乔·克里斯特, 艾比·莱德·弗特森, 安东尼·麦凯, 加勒特·莫里斯, 尼尔·汉博格, 鲁德·哈利特, 斯坦·李, 克里斯·埃文斯, 塞巴斯蒂安·斯坦","动作, 科幻, 冒险",美国 , 英语 ,"2015-10-16(中国大陆)', '2015-07-17(美国)",117, 蚁侠(港) / Antma,7.7,362412,17.7,50.2,29.6,2.1,0.3,"漫威, 科幻, 美国, 超级英雄, Marvel, 动作, 2015, 漫画改编",923168,33702,65480,386,41,90,2010-2020,2015-10-16,美国,119599947.376023,477113780.029936
tt0800369,hot,https://movie.douban.com/subject/1866471/,雷神 Thor,2011,肯尼思·布拉纳,"阿什利·米勒, 扎克·施坦茨, 唐·佩恩, J·迈克尔·斯特拉辛斯基, 马克·波托塞维奇, 斯坦·李, 拉里·利伯, 杰克·科比","克里斯·海姆斯沃斯, 娜塔莉·波特曼, 汤姆·希德勒斯顿, 安东尼·霍普金斯, 斯特兰·斯卡斯加德, 凯特·戴琳斯, 克拉克·格雷格, 科鲁姆·费奥瑞, 伊德里斯·艾尔巴, 雷·史蒂文森, 浅野忠信, 乔希·达拉斯, 杰米·亚历山大, 蕾妮·罗素, 艾德里安娜·巴拉扎, 马克斯米利亚诺·赫尔南德斯, 杰瑞米·雷纳, 塞缪尔·杰克逊, 达科塔·高尤, 泰德·沃普莱斯, 斯坦·李","动作, 奇幻, 冒险",美国 , 英语 ,"2011-05-08(中国大陆)', '2011-05-06(美国)",115, 雷神索尔(台) / 雷神奇侠(港) / 雷神托尔 / 雷神归来 / 雷神之锤 / 托尔 / The Mighty Thor,7.0,263265,12.8,34.7,45.3,6.4,0.8,"美国, 科幻, 漫画改编, 漫威, 动作, 神话, 2011, 奇幻",810890,28721,46160,369,93,16,2010-2020,2011-05-08,美国,145409706.38872,430524218.471298
tt0434409,hot,https://movie.douban.com/subject/1309046/,V字仇杀队 V for Vendetta,2005,詹姆斯·麦克特格,"莉莉·沃卓斯基, 拉娜·沃卓斯基","娜塔莉·波特曼, 雨果·维文, 斯蒂芬·瑞, 斯蒂芬·弗雷, 约翰·赫特, 蒂姆·皮戈特-史密斯, 鲁珀特·格雷夫斯, 罗杰·阿拉姆, 本·迈尔斯, 西妮德·库萨克, 娜塔莎·怀特曼, 约翰·斯坦丁, 埃迪·马森, 克里夫·阿什伯恩, Emma Field-Rayner, 伊安·布尔费尔德, Mark Phoenix, Alister Mazzotti, 比莉·库克, 盖伊·亨利, 科斯马·肖, Megan Gay, Roderic Culver, Tara Hacking, 安迪·莱什利兹, 查德·斯塔赫斯基, 布拉德利·斯蒂夫·福特, 马德琳·拉基克-普拉特, 塞丽娜·贾尔斯, 卡斯腾·海斯, 伊莫琴·普茨, 劳拉·格林伍德, Kyra Meyer, 玛丽·萧克莱 , 理查德·莱恩, Michael Simkins","剧情, 动作, 科幻, 惊悚",美国 / 英国 / 德国 , 英语 ,"2005-12-11(BNAT电影节)', '2006-03-17(美国)",132, V煞(港) / V怪客(台) / 复仇者V / V字仇杀令 / V字别动队,8.9,732717,56.0,33.5,9.2,1.0,0.4,"政治, 美国, 剧情, 科幻, 自由, 暴力, 人性, 动作",1153584,266793,130425,1979,505,64,2000-2010,2005-12-11,美国,60294417.6413426,147956957.155121
tt2294629,hot,https://movie.douban.com/subject/4202982/,冰雪奇缘 Frozen,2013,"克里斯·巴克, 珍妮弗·李","珍妮弗·李, 克里斯·巴克, 夏恩·莫里斯","克里斯汀·贝尔, 伊迪娜·门泽尔, 乔纳森·格罗夫, 乔什·加德, 圣蒂诺·方塔纳, 艾伦·图代克, 塞伦·希德, 克里斯·威廉姆斯, 斯蒂芬·安德森, 玛雅·威尔逊, 伊迪·迈克莱尔, 罗伯特·派恩, 莫里斯·拉马奇, 珍妮弗·李, 莉薇·施图本劳赫, 伊娃·贝拉, 斯宾塞·莱西·加纳斯, 泰里·布朗, 杰西·科尔蒂, 杰夫·马库斯, 塔克·吉莫尔, 保罗·布里格斯","喜剧, 动画, 歌舞, 奇幻",美国 , 英语 / 冰岛语 ,"2014-02-05(中国大陆)', '2013-11-27(美国)",102, 魔雪奇缘(港) / 冰雪大冒险 / 冰雪皇后 / 白雪皇后 / 冰雪女王 / 冰冻公主,8.4,505342,36.6,46.5,15.6,1.1,0.2,"动画, 迪士尼, 美国, Disney, 迪斯尼, 2013, 温情, 音乐",796379,38062,109341,1066,139,137,2010-2020,2014-02-05,美国,140405002.911063,1192711491.11985
tt0481499,hot,https://movie.douban.com/subject/1907966/,疯狂原始人 The Croods,2013,"柯克·德·米科, 克里斯·桑德斯","克里斯·桑德斯, 柯克·德·米科, 约翰·克立斯","尼古拉斯·凯奇, 艾玛·斯通, 瑞恩·雷诺兹, 凯瑟琳·基纳, 克萝丽丝·利奇曼, 克拉克·杜克, 克里斯·桑德斯, 兰迪·汤姆","喜剧, 动画, 冒险",美国 , 英语 ,"2013-04-20(中国大陆)', '2013-02-15(柏林电影节)', '2013-03-22(美国)",98, 古鲁家族(港/台) / 克鲁德一家 / 疯狂家族,8.7,595548,46.3,41.2,11.7,0.7,0.1,"动画, 梦工厂, 美国, 喜剧, 温情, 搞笑, 冒险, 3D",988444,103129,113440,953,95,12,2010-2020,2013-04-20,美国,126364502.619957,547746993.928887
tt1981115,hot,https://movie.douban.com/subject/6560058/,雷神2：黑暗世界 Thor: The Dark World,2013,阿兰·泰勒,"克里斯托弗·约斯特, 克里斯托弗·马库斯, 斯蒂芬·麦克菲利, 唐·佩恩, 罗伯特·罗达特, 斯坦·李, 拉里·利伯, 杰克·科比, 沃尔特·西蒙森","克里斯·海姆斯沃斯, 娜塔莉·波特曼, 汤姆·希德勒斯顿, 安东尼·霍普金斯, 克里斯托弗·埃克莱斯顿, 杰米·亚历山大, 扎克瑞·莱维, 雷·史蒂文森, 浅野忠信, 伊德里斯·艾尔巴, 蕾妮·罗素, 阿德沃尔·阿吉纽依-艾格拜吉, 凯特·戴琳斯, 斯特兰·斯卡斯加德, 艾丽丝·克里奇, 克里夫·罗素, 乔纳森·霍华德, 克里斯·奥多德, 妲露拉·莱莉, 奥菲利亚·拉维邦德, 本尼西奥·德尔·托罗, 斯坦·李","动作, 奇幻, 冒险",美国 , 英语 ,2013-11-08(中国大陆/美国),112," 雷神奇侠2：黑暗世界(港) / 雷神索尔2：黑暗世界(台) / 雷神2：黑暗国度 / 雷神托尔2 / Marvel's Thor: The Dark World / Thor 2""",7.4,271203,16.4,43.2,36.1,3.8,0.6,"美国, 科幻, Marvel, 漫威, 漫画改编, 动作, 超级英雄, 2013",782907,36501,49953,389,76,47,2010-2020,2013-11-08,美国,159125669.965872,449076041.47750896
tt0843270,hot,https://movie.douban.com/subject/1862151/,疯狂的石头,2006,宁浩,"张承, 宁浩, 岳小军","郭涛, 刘桦, 连晋, 黄渤, 徐峥, 优恵, 罗兰 , 王迅","喜剧, 犯罪",中国大陆 / 中国香港 , 汉语普通话 / 重庆话 ,"2006-06-30(中国大陆)', '2006-08-10(中国香港)",106, Crazy Stone,8.4,545638,39.4,45.3,14.0,1.1,0.3,"黑色幽默, 喜剧, 宁浩, 疯狂的石头, 搞笑, 中国电影, 大陆, 中国",928051,74459,58849,746,209,12,2000-2010,2006-06-30,中国香港,0.0,0.0
tt0330373,hot,https://movie.douban.com/subject/1309055/,哈利·波特与火焰杯 Harry Potter and the Goblet of Fire,2005,迈克·内威尔,"史蒂夫·克洛夫斯, J·K·罗琳","丹尼尔·雷德克里夫, 艾玛·沃森, 鲁伯特·格林特, 蒂莫西·斯波, 邦妮·怀特, 罗伯特·帕丁森, 汤姆·费尔顿, 梁佩诗, 迈克尔·刚本, 玛吉·史密斯, 艾伦·瑞克曼, 加里·奥德曼, 拉尔夫·费因斯","奇幻, 冒险",英国 / 美国 , 英语 / 法语 ,"2005-11-18(中国大陆)', '2005-11-06(英国)",157, 哈利波特4：火杯的考验(港/台) / 哈4,8.4,319114,39.3,44.9,14.8,0.9,0.1,"哈利波特, 魔幻, 英国, HarryPotter, 美国, 奇幻, 2005, 科幻",610054,14341,27208,202,73,9,2000-2010,2005-11-18,英国,167484493.448174,1000352539.2268199
tt0892769,hot,https://movie.douban.com/subject/2353023/,驯龙高手 How to Train Your Dragon,2010,"迪恩·德布洛斯, 克里斯·桑德斯","威廉姆·戴维斯, 迪恩·德布洛斯, 克里斯·桑德斯, 葛蕾熙达·柯维尔","杰伊·巴鲁切尔, 杰拉德·巴特勒, 克雷格·费格森, 亚美莉卡·费雷拉, 乔纳·希尔, 克里斯托夫·梅兹-普莱瑟, T·J·米勒, 克里斯汀·韦格, 罗宾·阿特金·唐斯, 菲利普·麦格雷德, 基隆·埃利奥特, 阿什利·詹森, 大卫·田纳特","动画, 奇幻, 冒险",美国 , 英语 ,"2010-05-14(中国大陆)', '2010-03-18(俄罗斯)', '2010-03-26(美国)",98, 驯龙记(港),8.7,518665,46.9,42.3,10.2,0.5,0.1,"动画, 梦工厂, 美国, 奇幻, 童话, 3D, 喜剧, 温情",802247,94456,77927,858,183,8,2000-2010,2010-05-14,美国,165000000.0,494878759.0
tt0373889,hot,https://movie.douban.com/subject/1457217/,哈利·波特与凤凰社 Harry Potter and the Order of the Phoenix,2007,大卫·叶茨,"迈克尔·戈登伯格, J·K·罗琳","丹尼尔·雷德克里夫, 艾玛·沃森, 鲁伯特·格林特, 加里·奥德曼, 拉尔夫·费因斯, 玛吉·史密斯, 迈克尔·刚本, 艾伦·瑞克曼, 艾玛·汤普森, 艾美达·斯丹顿, 詹森·艾萨克, 汤姆·费尔顿, 海伦娜·伯翰·卡特, 邦妮·怀特, 朱丽·沃特斯, 梁佩诗, 布莱丹·格里森, 罗彼·考特拉尼, 伊文娜·林奇","奇幻, 冒险",英国 / 美国 , 英语 ,"2007-08-10(中国大陆)', '2007-07-11(美国)",138, 哈利波特5：凤凰会的密令(港/台) / 哈5,8.2,301634,32.6,44.7,20.9,1.6,0.2,"哈利波特, 魔幻, HarryPotter, 英国, 美国, 奇幻, 2007, 成长",586255,14457,25730,367,85,10,2000-2010,2007-08-10,美国,157750287.39473101,986688860.379322
tt0264464,hot,https://movie.douban.com/subject/1305487/,猫鼠游戏 Catch Me If You Can,2002,史蒂文·斯皮尔伯格,杰夫·内桑森,"莱昂纳多·迪卡普里奥, 汤姆·汉克斯, 克里斯托弗·沃肯, 马丁·辛, 艾米·亚当斯, 詹妮弗·加纳, 伊丽莎白·班克斯, 纳塔莉·贝伊, 詹姆斯·布洛林, 艾伦·旁派, 南希·利内翰, 布莱恩·豪威 , 弗兰克·约翰·休斯, 克里斯·埃里斯","剧情, 传记, 犯罪",美国 / 加拿大 , 英语 / 法语 ,"2003-04-11(中国大陆)', '2002-12-16(洛杉矶首映)', '2002-12-25(美国)",141, 逍遥法外 / 神鬼交锋(台) / 捉智双雄(港) / 我知道你是谁 / 有种来抓我,9.0,527892,55.8,37.6,6.3,0.3,0.1,"犯罪, 美国, 莱昂纳多·迪卡普里奥, 剧情, 斯皮尔伯格, LeonardoDiCaprio, 汤姆·汉克斯, 经典",763206,190237,87529,1019,161,33,2000-2010,2003-04-11,美国,63037592.468268394,426854586.57886
tt0289879,hot,https://movie.douban.com/subject/1292343/,蝴蝶效应 The Butterfly Effect,2004,"埃里克·布雷斯, J·麦基·格鲁伯","J·麦基·格鲁伯, 埃里克·布雷斯","阿什顿·库彻, 梅洛拉·沃尔特斯, 艾米·斯马特, 埃尔登·汉森, 威廉姆·李·斯科特, 约翰·帕特里克·阿梅多利, 艾琳·戈洛瓦娅, 凯文·G·施密特, 杰西·詹姆斯, 罗根·勒曼, 莎拉·威多斯, 杰克·凯斯, 卡梅隆·布莱特, 埃里克·斯托尔兹, 考乐姆·吉斯·雷尼","剧情, 科幻, 悬疑, 惊悚",美国 / 加拿大 , 英语 ,2004-01-23(美国),113, / 120分钟(导演剪辑版),8.8,637313,50.6,39.4,9.2,0.7,0.2,"悬疑, 心理, 科幻, 美国, 剧情, 惊悚, 经典, 人性",1029501,232625,103873,2534,401,50,2000-2010,2004-01-23,美国,15007790.1975579,110897015.62010801
tt0926084,hot,https://movie.douban.com/subject/2051007/,哈利·波特与死亡圣器(上) Harry Potter and the Deathly Hallows: Part 1,2010,大卫·叶茨,"史蒂夫·克洛夫斯, J·K·罗琳","丹尼尔·雷德克里夫, 艾玛·沃森, 鲁伯特·格林特, 海伦娜·伯翰·卡特, 拉尔夫·费因斯, 比尔·奈伊, 约翰·赫特, 艾伦·瑞克曼, 艾美达·斯丹顿, 费奥纳·肖, 邦妮·怀特, 朱丽·沃特斯, 米歇尔·费尔利, 杰米·坎贝尔·鲍尔","剧情, 奇幻, 冒险",英国 / 美国 , 英语 ,2010-11-19(中国大陆/英国),146, 哈利波特7：死神的圣物1(港/台) / 哈利·波特与死圣(上) / 哈7(上),8.2,315740,33.7,45.1,19.2,1.7,0.4,"哈利波特, 魔幻, 英国, 美国, harrypotter, 2010, 成长, 青春",590376,31798,45556,875,200,7,2000-2010,2010-11-19,英国,250000000.0,954305868.0
tt0417741,hot,https://movie.douban.com/subject/1433330/,哈利·波特与混血王子 Harry Potter and the Half-Blood Prince,2009,大卫·叶茨,"史蒂夫·克洛夫斯, J·K·罗琳","丹尼尔·雷德克里夫, 艾玛·沃森, 鲁伯特·格林特, 汤姆·费尔顿, 迈克尔·刚本, 艾伦·瑞克曼, 邦妮·怀特, 朱丽·沃特斯, 海伦娜·伯翰·卡特, 吉姆·布劳德本特, 玛吉·史密斯, 伊文娜·林奇","剧情, 奇幻, 冒险",英国 / 美国 , 英语 ,"2009-07-15(中国大陆)', '2009-07-06(英国)",153, 哈利波特6：混血王子的背叛(港/台) / 哈6 / HP and the HBP,7.9,293620,29.6,39.9,26.4,3.6,0.6,"魔幻, 2009, 成长, 小说改编, 青春, 剧情, 悬疑, 动作",567871,20339,31860,907,333,4,2000-2010,2009-07-15,英国,254100108.531238,949276533.285793
tt0120737,hot,https://movie.douban.com/subject/1291571/,指环王1：魔戒再现 The Lord of the Rings: The Fellowship of the Ring,2001,彼得·杰克逊,"弗兰·威尔士, 菲利帕·鲍恩斯, 彼得·杰克逊, J·R·R·托尔金","伊利亚·伍德, 西恩·奥斯汀, 伊恩·麦克莱恩, 维果·莫腾森, 奥兰多·布鲁姆, 凯特·布兰切特, 肖恩·宾, 克里斯托弗·李, 雨果·维文, 丽芙·泰勒, 安迪·瑟金斯, 伊安·霍姆, 多米尼克·莫纳汉, 萨拉·贝克, 约翰·瑞斯-戴维斯","剧情, 动作, 奇幻, 冒险",新西兰 / 美国 , 英语 / 辛达林语 ,"2002-04-04(中国大陆)', '2001-12-19(美国)",178, 魔戒首部曲：魔戒现身 / 指环王I：护戒使者 / 魔戒1：护戒联盟,9.0,526798,59.9,31.5,7.8,0.6,0.2,"魔幻, 史诗, 经典, 美国, 大片, 战争, 新西兰, 2001",864584,93519,55456,482,133,26,2000-2010,2002-04-04,美国,114528394.85252701,1073079785.52895
tt0414387,hot,https://movie.douban.com/subject/1418200/,傲慢与偏见 Pride & Prejudice,2005,乔·赖特,"简·奥斯汀, 黛博拉·莫盖茨","凯拉·奈特莉, 马修·麦克费登, 唐纳德·萨瑟兰, 布兰达·布莱斯, 凯瑞·穆里根, 裴淳华, 吉娜·马隆, 妲露拉·莱莉, 朱迪·丹奇, 西蒙·伍兹, 克劳迪·布莱克利, 汤姆·霍兰德, 鲁伯特·弗兰德, 凯利·蕾莉, 皮普·托伦斯, 西妮德·马修斯, 佩内洛普·威尔顿, 塔姆金·莫钦特","剧情, 爱情",法国 / 英国 / 美国 , 英语 ,2005-09-16(英国),129, 傲慢与偏见2005 / Pride And Prejudice,8.6,512646,44.6,42.0,12.2,0.9,0.2,"爱情, 傲慢与偏见, 经典, 英国, 名著改编, 英国电影, 名著, 文艺",832228,181708,99005,1769,260,21,2000-2010,2005-09-16,英国,31263772.1103258,135269350.237208
tt0421715,hot,https://movie.douban.com/subject/1485260/,本杰明·巴顿奇事 The Curious Case of Benjamin Button,2008,大卫·芬奇,"艾瑞克·罗斯, 罗宾·史威考德, F·司各特·菲茨杰拉德","凯特·布兰切特, 布拉德·皮特, 朱莉娅·奥蒙德, 芳妮·A·钱勃丝, 伊莱亚斯·科泰斯, 杰森·弗莱明, 大卫·詹森, 蒂尔达·斯文顿, 艾丽·范宁, 乔安娜·塞勒, 乔什·斯图沃特, 丹尼·文森, 塔拉吉·P·汉森, 马赫沙拉·阿里, 菲奥娜·黑尔, 唐娜·杜普兰提尔, 兰斯·E·尼克尔斯, 特德·曼森, 克莱·卡伦, 菲利斯·萨莫维尔, 杰瑞德·哈里斯, 麦迪逊·贝蒂, 汤姆·埃沃雷特, 克里斯托弗·马克斯韦尔, 伊利亚·沃里克","剧情, 爱情, 奇幻",美国 , 英语 / 俄语 / 法语 ,2008-12-25(美国),166, 奇幻逆缘(港) / 班杰明的奇幻旅程(台) / 返老还童,8.9,677828,54.9,36.0,8.4,0.6,0.1,"爱情, 美国, 人生, 奇幻, 剧情, 温情, 成长, 感动",996322,209699,117732,3829,788,39,2000-2010,2008-12-25,美国,151917995.071375,338201950.26245296
tt0114369,hot,https://movie.douban.com/subject/1292223/,七宗罪 Se7en,1995,大卫·芬奇,安德鲁·凯文·沃克,"摩根·弗里曼, 布拉德·皮特, 凯文·史派西, 格温妮斯·帕特洛, 安德鲁·凯文·沃克, 约翰·卡西尼, 雷格·E·凯蒂, 李·厄米","剧情, 悬疑, 惊悚, 犯罪",美国 , 英语 / 葡萄牙语 ,1995-09-22(美国),127, 火线追缉令(台) / 7宗罪 / Seve,8.8,676752,50.6,39.6,9.2,0.6,0.2,"悬疑, 犯罪, 七宗罪, 大卫·芬奇, 美国, 宗教, 惊悚, 经典",1009518,234925,97011,1740,353,65,1990-2000,1995-09-22,美国,47221906.614529796,468372425.440186
tt0068646,hot,https://movie.douban.com/subject/1291841/,教父 The Godfather,1972,弗朗西斯·福特·科波拉,"马里奥·普佐, 弗朗西斯·福特·科波拉","马龙·白兰度, 阿尔·帕西诺, 詹姆斯·肯恩, 理查德·卡斯特尔诺, 罗伯特·杜瓦尔, 斯特林·海登, 约翰·马利, 理查德·康特, 艾尔·勒提埃里, 黛安·基顿, 阿贝·维高达, 塔莉娅·夏尔, 吉亚尼·罗素, 约翰·凯泽尔, 鲁迪·邦德, 兰尼·蒙大拿","剧情, 犯罪",美国 , 英语 / 意大利语 / 拉丁语 ,"1972-03-15(纽约首映)', '1972-03-24(美国)",175," Mario Puzo's The Godfather""",9.3,637146,70.5,24.0,4.9,0.4,0.2,"黑帮, 经典, 美国, 犯罪, 剧情, 黑社会, 人性, 人生",969592,310865,97742,1433,319,56,1970-1980,1972-03-15,美国,31287365.5881737,1277913732.38977
tt0800080,hot,https://movie.douban.com/subject/1866475/,无敌浩克 The Incredible Hulk,2008,路易斯·莱特里尔,扎克·佩恩,"爱德华·诺顿, 丽芙·泰勒, 蒂姆·罗斯, 威廉·赫特, 蒂姆·布雷克·尼尔森","动作, 科幻, 惊悚",美国 , 英语 / 葡萄牙语 / 西班牙语 ,"2008-08-20(中国大陆)', '2008-06-13(美国)",112, 神奇绿巨人 / 绿巨人2 / 不可思议的绿巨人 / 新变形侠医 / Hulk 2,7.0,170184,11.1,35.0,48.1,5.2,0.6,"科幻, 美国, 漫威, 动作, 漫画改编, EdwardNorton, 美国电影, 绿巨人2",587292,34718,22380,261,157,5,2000-2010,2008-08-20,美国,151917995.071375,165805400.340377
tt2278388,usual,https://movie.douban.com/subject/11525673/,布达佩斯大饭店 The Grand Budapest Hotel,2014,韦斯·安德森,"韦斯·安德森, 雨果·吉尼斯, 斯蒂芬·茨威格","拉尔夫·费因斯, 托尼·雷沃罗利, 艾德里安·布洛迪, 威廉·达福, 裘德·洛, 爱德华·诺顿, 西尔莎·罗南, 蒂尔达·斯文顿, 比尔·默瑞, 蕾雅·赛杜, 欧文·威尔逊, 詹森·舒瓦兹曼, 马修·阿马立克, F·默里·亚伯拉罕, 汤姆·威尔金森, 杰夫·高布伦, 哈威·凯特尔","剧情, 喜剧, 冒险",美国 / 德国 / 英国 , 英语 / 法语 / 德语 ,"2014-02-06(柏林电影节)', '2014-03-28(美国)",99, 布达佩斯大酒店(港) / 欢迎来到布达佩斯大饭店(台),8.8,600962,52.8,37.4,9.0,0.7,0.2,"黑色幽默, 文艺, 喜剧, 美国, 剧情, 经典, 人性, 2014",819741,249912,133620,1092,141,135,2010-2020,2014-02-06,美国,27632731.5231437,160822790.371651
tt0458352,usual,https://movie.douban.com/subject/1482072/,穿普拉达的女王 The Devil Wears Prada,2006,大卫·弗兰科尔,艾莲·布洛什·麦肯纳,"安妮·海瑟薇, 梅丽尔·斯特里普, 艾米莉·布朗特, 斯坦利·图齐, 西蒙·贝克, 艾德里安·格尼尔, 吉赛尔·邦辰","剧情, 爱情",美国 / 法国 , 英语 / 法语 ,"2007-02-27(中国大陆)', '2006-06-30(美国)",109, 时尚女魔头 / 穿Prada的恶魔(港) / 穿着Prada的恶魔(台) / 穿普拉达的女魔头,8.1,518470,26.9,51.6,20.3,1.1,0.2,"时尚, 美国, 励志, 成长, 喜剧, 安妮海瑟薇, AnneHathaway, 女性",852547,57447,81978,2107,265,23,2000-2010,2007-02-27,美国,37858420.540205,353220246.986172
tt0133093,usual,https://movie.douban.com/subject/1291843/,黑客帝国 The Matrix,1999,"莉莉·沃卓斯基, 拉娜·沃卓斯基","莉莉·沃卓斯基, 拉娜·沃卓斯基","基努·里维斯, 劳伦斯·菲什伯恩, 凯瑞-安·莫斯, 雨果·维文, 格洛丽亚·福斯特, 乔·潘托里亚诺, 马库斯·钟, 朱利安·阿拉汗加, 马特·多兰, 贝琳达·麦克洛里, 安东尼雷派克, 罗伯特·泰勒, 阿达·尼科德莫, 罗温·维特, Tamara Brown, Natalie Tjen, 比尔·扬, Chris Scott, 纳许·埃哲顿","动作, 科幻",美国 / 澳大利亚 , 英语 ,1999-03-31(美国),136, 廿二世纪杀人网络(港) / 骇客任务(台),9.0,526847,58.8,32.6,7.9,0.5,0.2,"科幻, 美国, 动作, 经典, 黑客帝国, 哲学, 剧情, 1999",877422,155880,70659,849,213,33,1990-2000,1999-03-31,美国,82470329.3354423,606768749.6621
tt1130884,usual,https://movie.douban.com/subject/2334904/,禁闭岛 Shutter Island,2010,马丁·斯科塞斯,"莱塔·卡罗格里迪斯, 丹尼斯·勒翰","莱昂纳多·迪卡普里奥, 马克·鲁弗洛, 本·金斯利, 马克斯·冯·叙多夫, 米歇尔·威廉姆斯, 艾米莉·莫迪默, 派翠西娅·克拉克森, 杰基·厄尔·哈利, 泰德·拉文, 约翰·卡洛·林奇, 伊莱亚斯·科泰斯, 罗宾·巴特利特, 克里斯托弗·邓汉, 约瑟夫·斯科拉","剧情, 悬疑, 惊悚",美国 , 英语 / 德语 ,"2010-02-13(柏林电影节)', '2010-02-19(美国)",138, 不赦岛(港) / 隔离岛(台) / 孤岛疑云 / 荒岛追凶 / 孤岛恐慌 / 关门岛 / 孤岛 / 艾什克里夫,8.8,634821,49.7,41.1,8.6,0.5,0.1,"悬疑, 心理, 莱昂纳多·迪卡普里奥, 惊悚, 美国, 剧情, LeonardoDiCaprio, 美国电影",933352,174712,111059,1859,364,26,2000-2010,2010-02-13,美国,80000000.0,294804195.0
tt0167260,usual,https://movie.douban.com/subject/1291552/,指环王3：王者无敌 The Lord of the Rings: The Return of the King,2003,彼得·杰克逊,"弗兰·威尔士, 菲利帕·鲍恩斯, 彼得·杰克逊, J·R·R·托尔金","维果·莫腾森, 伊利亚·伍德, 西恩·奥斯汀, 丽芙·泰勒, 伊恩·麦克莱恩, 奥兰多·布鲁姆, 凯特·布兰切特, 米兰达·奥图, 安迪·瑟金斯, 雨果·维文, 多米尼克·莫纳汉, 比利·博伊德, 马尔顿·索克斯, 卡尔·厄本, 克里斯托弗·李, 约翰·瑞斯-戴维斯","剧情, 动作, 奇幻, 冒险",美国 / 新西兰 , 英语 / 昆雅语 / 古英语 / 辛达林语 ,"2004-03-12(中国大陆)', '2003-12-17(美国)",201, 魔戒三部曲：王者再临(台/港) / 指环王III：王者无敌 / 魔戒3：王者归来 / 指环王3：国王归来 / 指环王3：皇上回宫(豆友译名),9.2,511212,66.9,26.4,6.0,0.4,0.2,"魔幻, 史诗, 经典, 美国, 战争, 奥斯卡, 新西兰, 2003",805764,97579,55949,637,128,41,2000-2010,2004-03-12,美国,111423148.609557,1326278010.4756699
tt0105323,usual,https://movie.douban.com/subject/1298624/,闻香识女人 Scent of a Woman,1992,马丁·布莱斯特,"博·古德曼, 乔瓦尼·阿尔皮诺","阿尔·帕西诺, 克里斯·奥唐纳, 詹姆斯·瑞布霍恩, 加布里埃尔·安瓦尔, 菲利普·塞默·霍夫曼, 理查德·文彻, 布莱德利·惠特福德, 罗谢尔·奥利弗, Margaret Eginton, Tom Riis Farrell, Nicholas Sadler, 托德·路易斯, 马特·史密斯, 吉恩·坎菲尔德, 弗兰西丝·康罗伊",剧情,美国 , 英语 ,1992-12-23(美国),157, 女人香 / 女人的芳香,9.1,582579,60.4,32.5,6.6,0.4,0.1,"经典, 阿尔·帕西诺, 美国, 闻香识女人, 人性, 剧情, 美国电影, 成长",895193,276787,108646,2495,274,30,1990-2000,1992-12-23,美国,48174751.8922576,208387275.58724198
tt0167261,usual,https://movie.douban.com/subject/1291572/,指环王2：双塔奇兵 The Lord of the Rings: The Two Towers,2002,彼得·杰克逊,"弗兰·威尔士, 菲利帕·鲍恩斯, 斯蒂芬·辛克莱, 彼得·杰克逊, J·R·R·托尔金","伊利亚·伍德, 西恩·奥斯汀, 伊恩·麦克莱恩, 维果·莫腾森, 奥兰多·布鲁姆, 克里斯托弗·李, 丽芙·泰勒, 安迪·瑟金斯, 雨果·维文, 卡尔·厄本, 凯特·布兰切特, 多米尼克·莫纳汉, 大卫·文翰, 比利·博伊德, 布拉德·道里夫, 伯纳德·希尔, 约翰·瑞斯-戴维斯, 米兰达·奥图","剧情, 动作, 奇幻, 冒险",美国 / 新西兰 , 英语 / 辛达林语 / 古代英语 ,"2003-04-25(中国大陆)', '2002-12-05(纽约首映)', '2002-12-18(美国)",179, 魔戒二部曲：双城奇谋 / 指环王II：双塔 / 魔戒2：双塔奇谋,9.1,468593,61.9,30.6,7.0,0.5,0.2,"魔幻, 史诗, 经典, 美国, 战争, 大片, 新西兰, 2002",755527,74318,38137,233,64,15,2000-2010,2003-04-25,美国,95768650.0960232,1122902454.41715
tt0268380,usual,https://movie.douban.com/subject/1291578/,冰川时代 Ice Age,2002,"卡洛斯·沙尔丹哈, 克里斯·韦奇","迈克尔·伯格 , 迈克尔·J·威尔森, 彼得·阿克曼","雷·罗马诺, 约翰·雷吉扎莫, 丹尼斯·利瑞, 杰克·布莱克","喜剧, 动画, 冒险",美国 , 英语 / 克罗地亚语 ,2002-03-15(美国),81, 冰河世纪 / 冰原历险记,8.6,437542,40.7,46.9,11.8,0.5,0.1,"动画, 美国, 喜剧, 搞笑, 卡通, 经典, 动画电影, 动漫",779214,46161,33542,215,68,3,2000-2010,2002-03-15,美国,71523422.2236122,464607829.802379
tt3659388,usual,https://movie.douban.com/subject/25864085/,火星救援 The Martian,2015,雷德利·斯科特,"德鲁·高达, 安迪·威尔","马特·达蒙, 杰西卡·查斯坦, 克里斯汀·韦格, 杰夫·丹尼尔斯, 迈克尔·佩纳, 凯特·玛拉, 肖恩·宾, 塞巴斯蒂安·斯坦, 唐纳德·格洛弗, 切瓦特·埃加福, 阿卡塞尔·亨涅, 陈数, 高雄, 本尼迪克特·王, 麦肯兹·戴维斯, 娜奥米·斯科特, 丽丽·博尔丹, 布莱恩·卡斯佩","剧情, 科幻, 冒险",美国 / 英国 , 英语 / 汉语普通话 ,"2015-11-25(中国大陆)', '2015-10-02(美国)",144, 火星任务(港) / 绝地救援(台) / 火星人,8.4,484743,37.0,49.4,12.7,0.8,0.2,"科幻, 美国, 马特·达蒙, 火星, 冒险, 励志, 剧情, 2015",808029,76373,96329,1254,77,212,2010-2020,2015-11-25,美国,99359956.2816192,547749654.3101519
tt0119217,usual,https://movie.douban.com/subject/1292656/,心灵捕手 Good Will Hunting,1997,格斯·范·桑特,"本·阿弗莱克, 马特·达蒙","马特·达蒙, 罗宾·威廉姆斯, 本·阿弗莱克, 斯特兰·斯卡斯加德, 明妮·德里弗, 卡西·阿弗莱克, 科尔·豪瑟, John Mighton, Dan Washington, 艾莉森·福兰德, 维克·萨海, 史提文科兹洛夫斯基, 斯科特·威廉姆·文特斯, Jimmy Flynn, 乔治·普林普顿, 弗朗切斯科·克莱门特",剧情,美国 , 英语 ,1997-12-05(美国),126, 骄阳似我(港),8.9,475228,53.2,38.3,7.9,0.5,0.1,"心理, 励志, 成长, 美国, 经典, 青春, 剧情, 美国电影",704750,232894,81778,2388,193,28,1990-2000,1997-12-05,美国,13584603.2107209,306921606.651021
tt0198781,usual,https://movie.douban.com/subject/1291579/,"怪兽电力公司 Monsters, Inc.",2001,"彼特·道格特, 大卫·斯沃曼, 李·昂克里奇","安德鲁·斯坦顿, 丹尼尔·吉尔森, 罗伯特·L·贝尔德, 瑞特·里斯, 乔纳森·罗伯特 , 彼特·道格特, 杰夫·皮金, 吉尔·卡尔顿, 拉夫·埃格尔斯顿","约翰·古德曼, 比利·克里斯托, 玛丽·吉布斯, 史蒂夫·布西密, 詹姆斯·柯本, 詹妮弗·提莉, 鲍勃·彼德森, 约翰·拉岑贝格, 弗兰克·奥兹, 丹尼尔·吉尔森, 邦尼·亨特, 杰克·安杰尔, 塞缪尔·洛德·布莱克, 史蒂夫·萨斯坎德","喜剧, 动画, 儿童, 奇幻, 冒险",美国 , 英语 ,"2001-11-02(美国)', '2012-12-19(美国)",92, 怪兽公司(港) / 怪物公司,8.7,435356,45.8,43.3,10.4,0.4,0.1,"动画, 迪斯尼, 美国, 喜剧, pixar, 动画片, 温情, 美国电影",718400,94090,46413,305,96,6,2000-2010,2001-11-02,美国,141621133.419792,693101531.1461201
tt2267998,usual,https://movie.douban.com/subject/21318488/,消失的爱人 Gone Girl,2014,大卫·芬奇,吉莉安·弗琳,"本·阿弗莱克, 裴淳华, 尼尔·帕特里克·哈里斯, 凯莉·库恩, 泰勒·派瑞, 金·迪肯斯, 米西·派勒, 波伊德·霍布鲁克, 艾米丽·拉塔科斯基, 雪拉·渥德, 派屈克·福吉特, 斯科特·麦克纳里, 凯西·威尔逊, 李·诺里斯","剧情, 悬疑, 惊悚, 犯罪",美国 , 英语 ,"2014-09-26(纽约电影节)', '2014-10-03(美国)",149, 失踪的女孩 / 失踪女孩 / 失踪罪(港) / 控制(台),8.7,614433,47.8,42.6,8.8,0.6,0.2,"悬疑, 美国, 人性, 犯罪, 剧情, 心理, 惊悚, 爱情",810513,232193,149905,2213,212,284,2010-2020,2014-09-26,美国,56186554.097059,340186892.137474
tt1345836,usual,https://movie.douban.com/subject/3395373/,蝙蝠侠：黑暗骑士崛起 The Dark Knight Rises,2012,克里斯托弗·诺兰,"大卫·S·高耶, 乔纳森·诺兰, 克里斯托弗·诺兰","克里斯蒂安·贝尔, 汤姆·哈迪, 安妮·海瑟薇, 约瑟夫·高登-莱维特, 玛丽昂·歌迪亚, 加里·奥德曼, 迈克尔·凯恩, 摩根·弗里曼, 朱诺·坦普尔, 乔什·平茨, 丹尼尔·逊亚塔, 内斯特·卡博内尔, 伯恩·戈曼, 连姆·尼森, 乔伊·金, 艾丹·吉伦, 基里安·墨菲, 乔什·斯图沃特, 马修·莫迪恩, 本·门德尔森","剧情, 动作, 科幻, 惊悚, 犯罪",美国 / 英国 , 英语 / 阿拉伯语 ,"2012-08-27(中国大陆)', '2012-07-20(美国)",165, 蝙蝠侠前传3：黑暗骑士崛起 / 黑暗骑士：黎明升起(台) / 蝙蝠侠：夜神起义(港) / 蝙蝠侠前传3：黑骑再起 / 蝙蝠侠7：黑暗骑士崛起 / 暗夜骑士崛起 / T.D.K.R. / TDKR / Batman 3: The Dark Knight Rises,8.7,489540,50.3,38.2,10.4,0.9,0.2,"蝙蝠侠, 美国, 科幻, 超级英雄, 动作, 犯罪, 漫画改编, 2012",760257,88610,98341,1860,542,55,2010-2020,2012-08-27,美国,237436070.33806098,1026712780.23392
tt2872732,usual,https://movie.douban.com/subject/24404677/,超体 Lucy,2014,吕克·贝松,吕克·贝松,"斯嘉丽·约翰逊, 摩根·弗里曼, 崔岷植, 阿马尔·维克德, 朱利安·林希德-图特, 皮鲁·埃斯贝克, 安娜丽·提普顿, 詹·奥利弗·施罗德, 弗雷德里克·周, 克莱尔·陈, 塞德里克·舍瓦姆, 沃尔夫冈·皮索尔斯, 邵斯凡, 保罗·陈, 林暐恒, 邢峰, 徐灏翔, 塞缪尔·丘林, 李淳, 吕克·贝松, 高靖榕, 克里斯多夫·泰克","动作, 科幻",法国 , 英语 / 韩语 / 法语 / 汉语普通话 ,"2014-10-24(中国大陆)', '2014-07-25(美国)', '2014-08-06(法国)",89, LUCY：绝路煞姬(港) / 露西(台) / 超能毒贩,7.3,398539,17.2,38.7,36.5,6.4,1.3,"科幻, 超能力, 法国, 动作, 2014, 女性, 剧情, 犯罪",687847,37506,90885,1711,111,191,2010-2020,2014-10-24,法国,36843642.03085829,426796807.31419903
tt0268978,usual,https://movie.douban.com/subject/1306029/,美丽心灵 A Beautiful Mind,2001,朗·霍华德,"阿齐瓦·高斯曼, 西尔维娅·纳萨尔","罗素·克劳, 艾德·哈里斯, 詹妮弗·康纳利, 克里斯托弗·普卢默, 保罗·贝坦尼, 亚当·戈德堡, 乔什·卢卡斯, 安东尼·拉普, 贾森·加里-斯坦福德, 贾德·赫希, 奥斯汀·潘德尔顿, 薇薇·卡登尼, 吉莉·西蒙, 维克多·斯坦巴赫, 坦娅·克拉克, 罗伊·辛尼斯, 谢丽尔·霍华德, 兰斯·霍华德, 简·詹金斯, 乔什·帕斯, 瓦伦蒂娜·卡迪纳利, 蒂格尔·F·伯格里, 迈克尔·埃斯佩尔, 艾米·瓦尔兹, 小艾德.朱普, 卡拉·奥奇格罗索, 斯特里奥·萨万特, 迈克尔·阿伯特, 雷吉·奥斯汀, 凯德·比特纳, 理查·布莱恩特, 丹·陈, 乔纳·福尔肯, 法布里奇奥·范特, 斯科特·费恩斯特罗姆, 迈克尔·菲奥里, 塞斯·盖贝尔, 埃文·哈特, 杰森·霍顿, 布莱丝·达拉斯·霍华德, 朗·霍华德, 多里·曼佐尔, 罗伯特·迈尔斯, 里德·彭尼, 米尔斯·彼埃尔, 肖恩·里德","剧情, 传记",美国 , 英语 ,"2001-12-13(加州首映)', '2002-01-04(美国)",135, 有你终生美丽(港) / 美丽境界(台) / 完美大脑,9.0,518049,57.5,35.6,6.5,0.3,0.1,"传记, 心理, 美国, 励志, 经典, 人生, 爱情, 剧情",817675,258049,85561,1922,231,19,2000-2010,2001-12-13,美国,73889287.00163059,386123667.021868
tt1670345,usual,https://movie.douban.com/subject/6517421/,惊天魔盗团 Now You See Me,2013,路易斯·莱特里尔,"鲍兹·亚金, 爱德华·里科, 艾德·索罗门","杰西·艾森伯格, 艾拉·菲舍尔, 伍迪·哈里森, 戴夫·弗兰科, 马克·鲁弗洛, 梅拉尼·罗兰, 摩根·弗里曼, 迈克尔·凯恩, 迈克尔·凯利","剧情, 悬疑, 犯罪",美国 / 法国 , 英语 / 法语 ,"2013-10-10(中国大陆)', '2013-05-21(纽约首映)', '2013-05-31(美国)",115, 非常盗(港) / 出神入化(台) / 瞒天过海 / 看到我了吧,7.7,401528,19.5,48.9,28.1,3.0,0.5,"魔术, 美国, 犯罪, 悬疑, 剧情, 魔幻, 2013, 动作",717733,34629,79177,564,83,32,2010-2020,2013-10-10,美国,70202501.4555318,110170090.36465901
tt0945513,usual,https://movie.douban.com/subject/3075287/,源代码 Source Code,2011,邓肯·琼斯,本·雷普利,"杰克·吉伦哈尔, 维拉·法米加, 米歇尔·莫纳汉, 杰弗里·怀特, 拉塞尔·皮特斯, 詹姆斯·A·伍兹, 迈克尔·阿登, 乔·柯布登 , 卡斯·安瓦尔","科幻, 悬疑, 惊悚",美国 / 加拿大 , 英语 ,"2011-08-30(中国大陆)', '2011-03-11(西南偏南电影节)', '2011-04-01(美国)",93, 启动原始码(台) / 危机解密(港),8.4,584045,37.0,48.8,13.3,0.7,0.1,"科幻, 美国, 悬疑, 剧情, 人性, 2011, 动作, 惊悚",852054,135853,110979,2383,423,42,2010-2020,2011-08-30,美国,31020737.362927098,142824028.081522
tt0947798,usual,https://movie.douban.com/subject/1978709/,黑天鹅 Black Swan,2010,达伦·阿伦诺夫斯基,"安德雷斯·海因斯, 马克·海曼, 约翰·J·麦克劳克林","娜塔莉·波特曼, 米拉·库尼斯, 文森特·卡索, 芭芭拉·赫希, 薇诺娜·瑞德, 本杰明·米派德, 克塞尼亚·索罗, 克里斯汀娜·安娜波, 詹妮特·蒙哥马利, 塞巴斯蒂安·斯坦, 托比·海明威, 塞尔吉奥·托拉多, 马克·马戈利斯, 蒂娜·斯隆, 亚伯拉罕·阿罗诺夫斯基, 夏洛特·阿罗诺夫斯基, 玛西娅·让·库尔茨, 肖恩·奥哈根, 克里斯托弗·加廷, 黛博拉·奥夫纳, 斯坦利·B·赫尔曼, 库尔特·弗勒曼, 帕特里克·赫辛格, 莎拉·海伊","剧情, 惊悚",美国 , 英语 / 法语 / 意大利语 ,"2010-09-01(威尼斯电影节)', '2010-12-17(美国)",108, 夺命黑天鹅 / 霸王别鹅(豆友译名),8.6,614661,41.8,45.4,11.8,0.8,0.2,"惊悚, 美国, 芭蕾, 心理, 人性, 悬疑, 剧情, 2010",909241,177034,128758,2379,139,36,2000-2010,2010-09-01,美国,13000000.0,327803731.0
tt2820852,usual,https://movie.douban.com/subject/23761370/,速度与激情7 Furious 7,2015,温子仁,"克里斯·摩根, 盖瑞·斯科特·汤普森","范·迪塞尔, 保罗·沃克, 杰森·斯坦森, 米歇尔·罗德里格兹, 乔丹娜·布鲁斯特, 泰瑞斯·吉布森, 卢达克里斯, 道恩·强森, 卢卡斯·布莱克, 库尔特·拉塞尔, 娜塔莉·伊曼纽尔, 埃尔莎·帕塔奇, 盖尔·加朵, 约翰·布罗特顿, 卢克·伊万斯, 托尼·贾, 杰曼·翰苏, 诺尔·古格雷米, 阿里·法扎勒, 姜成镐, 龙达·鲁西, 伊吉·阿德利亚, 乔恩·李·布罗迪","动作, 犯罪",美国 / 中国大陆 / 日本 , 英语 ,"2015-04-12(中国大陆)', '2015-04-03(美国)",137, 狂野时速7(港) / 玩命关头7(台) / Fast & Furious 7,8.3,379330,39.0,41.9,16.6,1.9,0.6,"动作, 美国, 赛车, 飙车, 犯罪, 经典, 2015, 冒险",701549,47192,86654,1074,54,124,2010-2020,2015-04-12,美国,174799923.08803302,1385748801.47052
tt0120815,usual,https://movie.douban.com/subject/1292849/,拯救大兵瑞恩 Saving Private Ryan,1998,史蒂文·斯皮尔伯格,罗伯特·罗达特,"汤姆·汉克斯, 汤姆·塞兹摩尔, 爱德华·伯恩斯, 巴里·佩珀, 亚当·戈德堡, 范·迪塞尔, 吉奥瓦尼·瑞比西, 杰瑞米·戴维斯, 马特·达蒙, 特德·丹森, 保罗·吉亚玛提, 丹尼斯·法里纳, 马克斯·马蒂尼, 丹兰·布鲁诺, 丹尼尔·切尔奎拉, 迪米特里·格里特萨斯, 史蒂夫·格里芬, 彼得·迈尔斯, 亚当·肖, 罗尔夫·萨克森, 克里·约翰逊, 洛克兰·艾肯, 尚恩约翰逊, 莱尔德·曼辛托斯, 安德鲁·斯科特, 马修·夏普, 文森特·沃尔什, 约翰·沙拉恩, 马丁·哈伯, 罗非洛·迪格托勒, 恩里奇·雷德曼, 米歇尔·埃文斯, 内森·菲利安, 利兰·奥瑟, 大卫·维格, 瑞恩·赫斯特, 哈威·普雷斯内尔, 代尔·戴, 布莱恩·科兰斯顿, 大卫·沃尔, 埃里克·罗兰, 哈里逊·杨, 凯思琳·拜荣, 约翰·德·兰西, 詹姆斯·恩布里, 德里克·李, 若昂·科斯塔·梅内塞斯, 马克·施泰因迈尔","剧情, 历史, 战争",美国 , 英语 / 法语 / 德语 / 捷克语 ,"1998-11-13(中国大陆)', '1998-07-24(美国)",169, 雷霆救兵(港) / 抢救雷恩大兵(台) / 拯救大兵雷恩,9.0,437520,58.2,34.6,6.7,0.4,0.1,"战争, 二战, 斯皮尔伯格, 美国, 经典, 人性, 汤姆·汉克斯, TomHanks",696697,163042,52298,843,140,23,1990-2000,1998-11-13,美国,93638682.83548091,644556400.785869
tt1877832,usual,https://movie.douban.com/subject/10485647/,X战警：逆转未来 X-Men: Days of Future Past,2014,布莱恩·辛格,"西蒙·金伯格, 简·古德曼, 马修·沃恩","休·杰克曼, 詹姆斯·麦卡沃伊, 迈克尔·法斯宾德, 詹妮弗·劳伦斯, 哈莉·贝瑞, 尼古拉斯·霍尔特, 埃文·彼得斯, 伊恩·麦克莱恩, 帕特里克·斯图尔特, 艾伦·佩吉, 安娜·帕奎因, 彼特·丁拉基, 肖恩·阿什莫, 卢卡斯·提尔, 丹尼尔·库德摩尔, 波波·斯图尔特, 奥玛·希, 范冰冰, 阿丹·坎托, 乔什·赫尔曼","剧情, 动作, 科幻, 冒险",美国 / 英国 , 英语 / 越南语 / 法语 ,2014-05-23(美国/中国大陆),132, 变种特攻：未来同盟战(港) / X战警：未来昔日(台) / X战警前传2：未来过去的日子 / X战警前传2：未来昔日,8.2,373386,32.1,48.5,17.8,1.3,0.3,"科幻, X战警, 美国, Marvel, 超级英雄, 动作, 2014, 漫画改编",693487,38191,73266,684,139,425,2010-2020,2014-05-23,中国大陆,230272762.692864,687133923.875509
tt2096673,usual,https://movie.douban.com/subject/10533913/,头脑特工队 Inside Out,2015,"彼特·道格特, 罗纳尔多·德尔·卡门","彼特·道格特, 罗纳尔多·德尔·卡门, 梅格·勒福夫, 乔什·库雷, 迈克尔·阿恩特, 西蒙·里奇, 鲍勃·彼德森, 比尔·哈德尔, 艾米·波勒","艾米·波勒, 菲利丝·史密斯, 理查德·坎德, 比尔·哈德尔, 刘易斯·布莱克, 敏迪·卡灵, 凯特林·迪亚斯, 戴安·琳恩, 凯尔·麦克拉克伦, 波拉·庞德斯通, 鲍比·莫尼汉, 宝拉·佩尔, 大卫·戈尔兹, 弗兰克·奥兹, 乔什·库雷, 弗利, 约翰·拉岑贝格, 卡洛斯·阿拉斯拉奇, 皮特·萨加尔, 拉什达·琼斯, 罗里·艾伦, 约翰·齐甘, 雪莉·琳恩, 拉瑞恩·纽曼, 帕丽斯·冯·戴克","喜剧, 动画, 冒险",美国 , 英语 ,"2015-10-06(中国大陆)', '2015-06-19(美国)",95, 玩转脑朋友(港) / 脑筋急转弯(台) / 头脑大作战 / 大脑环游记 / 脑中小小人 / 大脑内外 / 由内而外 / 头脑总动员,8.7,399062,49.5,37.6,11.7,1.0,0.2,"动画, 成长, 美国, 温情, Pixar, 喜剧, Disney, 心理",558542,75306,87554,1186,70,92,2010-2020,2015-10-06,美国,160999929.16003102,785411574.698907
tt0914798,usual,https://movie.douban.com/subject/3008247/,穿条纹睡衣的男孩 The Boy in the Striped Pajamas,2008,马克·赫尔曼,"约翰·伯恩, 马克·赫尔曼","阿萨·巴特菲尔德, 维拉·法米加, 卡拉·霍根, 祖萨·霍尔, 安贝尔·比蒂, 拉斯洛·阿隆, 大卫·休里斯, 理查德·约翰逊, 谢拉·汉考克, 伊凡·弗雷贝利, 贝拉·费斯彼姆, 阿提拉·埃杰德, 鲁伯特·弗兰德, 大卫·海曼, 吉姆·诺顿, 杰克·塞隆, 米哈利·绍鲍多什, 泽索特·萨法尔·科夫卡, 奥索利亚·茱莉娅·帕普","剧情, 战争",英国 / 美国 , 英语 / 西班牙语 ,"2008-09-12(英国)', '2008-11-07(美国)",94, 穿条纹衣服的男孩 / 穿条纹衣的男孩,9.1,330255,60.4,34.1,5.0,0.3,0.1,"二战, 战争, 人性, 纳粹, 穿条纹衣服的男孩, 剧情, 儿童, 美国",471868,239370,69375,1427,206,27,2000-2010,2008-09-12,美国,12659832.9226145,20677622.1147228
tt1187064,usual,https://movie.douban.com/subject/3011051/,恐怖游轮 Triangle,2009,克里斯托弗·史密斯,克里斯托弗·史密斯,"梅利莎·乔治, 利亚姆·海姆斯沃斯, 迈克尔·多曼, 瑞秋·卡帕尼, 艾玛·朗, 亨利·尼克松, 约书亚·麦基弗","剧情, 悬疑, 惊悚",英国 / 澳大利亚 , 英语 ,2009-10-16(英国),99, 汪洋血迷宮(台) / 轮回三角 / 三角形 / 迷失三角洲,8.5,539488,40.6,43.8,14.0,1.3,0.4,"悬疑, 惊悚, 心理, 恐怖, 轮回, 澳大利亚, 恐怖电影, 2009",756799,108573,110135,1942,486,129,2000-2010,2009-10-16,英国,12196805.2094994,0.0
tt1010048,usual,https://movie.douban.com/subject/2209573/,贫民窟的百万富翁 Slumdog Millionaire,2008,"丹尼·博伊尔, 洛芙琳·坦丹","西蒙·博福伊, 维卡斯·史瓦卢普","戴夫·帕特尔, 沙鲁巴·舒克拉, 亚尼·卡普, 拉詹德拉纳斯·祖特施, 吉尼瓦·塔瓦尔, 芙蕾达·平托, 伊尔凡·可汗, 爱资哈尔丁·穆罕默德·伊斯梅尔, 阿什·马赫什·舍德卡, 马赫什·曼杰瑞卡, 麦活·米泰尔","剧情, 爱情",英国 / 美国 , 英语 / 印地语 / 法语 ,"2009-03-26(中国大陆)', '2008-08-30(特柳赖德电影节)', '2009-01-09(英国)",120, 贫民百万富翁(台) / 一百万零一夜(港) / 贫民富翁 / 山寨富翁 / 阳光小阿三(豆友译名),8.6,549303,42.5,44.8,11.9,0.7,0.2,"印度, 励志, 剧情, 爱情, 人生, 奥斯卡, 经典, 英国",862212,139260,65909,2663,812,23,2000-2010,2009-03-26,英国,15191799.5071375,382742747.738751
tt0441773,usual,https://movie.douban.com/subject/1783457/,功夫熊猫 Kung Fu Panda,2008,"马克·奥斯本, 约翰·斯蒂文森","乔纳森·阿贝尔, 格伦·伯杰, 伊森·瑞弗, 塞卢斯·沃瑞斯","杰克·布莱克, 达斯汀·霍夫曼, 安吉丽娜·朱莉, 伊恩·麦柯肖恩, 成龙, 塞斯·罗根, 刘玉玲, 大卫·克罗斯, 兰德尔·杜克·金, 吴汉章, 丹·福勒, 迈克·克拉克·邓肯, 韦恩·奈特, 凯尔·加斯, JR·里德, 劳拉·奈特林格, 坦雅·海登, 斯蒂芬·凯林, 马克·奥斯本, 约翰·斯蒂文森, 肯特·奥斯博内, 瑞利·奥斯本","喜剧, 动作, 动画, 冒险",美国 , 英语 ,"2008-06-20(中国大陆)', '2008-05-15(戛纳电影节)', '2008-06-06(美国)",95, 熊猫阿宝 / 阿宝正传,8.1,437669,26.8,51.2,20.6,1.3,0.2,"动画, 功夫熊猫, 梦工厂, 美国, 喜剧, 卡通, 熊猫, 2008",706565,11944,38445,1454,572,3,2000-2010,2008-06-20,美国,131662262.39519098,639822446.349653
tt0059742,usual,https://movie.douban.com/subject/1294408/,音乐之声 The Sound of Music,1965,罗伯特·怀斯,"乔治·胡达勒克, 霍华德·林赛, 拉塞尔·克劳斯, 恩斯特·莱赫曼, Maria von Trapp","朱莉·安德鲁斯, 克里斯托弗·普卢默, 埃琳诺·帕克, 理查德·海顿, 佩吉·伍德, 查尔敏·卡尔, 希瑟·孟席斯-尤里克, 尼古拉斯·哈蒙德, 杜安·蔡斯, 安吉拉·卡特怀特, 黛比·特纳, 基姆·卡拉思, 安娜·李, 波希娅·纳尔逊, 本·怀特, 丹尼尔·特鲁希特, 诺玛·威登, 吉尔克里斯特·斯图尔特, 马妮·尼克松, 埃瓦德妮·贝克, 多丽丝·劳埃德, 格特鲁德·阿斯特, 弗兰克·贝克, Steve Carruthers, 山姆·哈里斯, Dorothy Jeakins, Leoda Richards, 杰弗里·塞尔, Bernard Sell, Norman Stevans, 伯特史蒂文斯, Maria von Trapp","剧情, 爱情, 歌舞, 传记",美国 , 英语 / 德语 ,1965-03-02(美国),174, 仙乐飘飘处处闻(港) / 真善美(台) / 一个叛逆修女的故事,9.0,404426,58.8,33.7,7.1,0.3,0.1,"经典, 音乐剧, 音乐之声, 美国, 音乐, 歌舞, 爱情, 美国电影",658293,108196,47554,424,82,7,1960-1970,1965-03-02,美国,56748622.288782604,1129534861.9935699
tt1343092,usual,https://movie.douban.com/subject/3364223/,了不起的盖茨比 The Great Gatsby,2013,巴兹·鲁赫曼,"巴兹·鲁赫曼, 克雷格·皮尔斯, F·司各特·菲茨杰拉德","莱昂纳多·迪卡普里奥, 凯瑞·穆里根, 托比·马奎尔, 艾拉·菲舍尔, 乔尔·埃哲顿, 卡兰·麦克奥利菲, 阿米达普·巴强, 杰森·克拉克, 伊丽莎白·德比茨基, 嘉玛·沃德","剧情, 爱情",澳大利亚 / 美国 , 英语 / 法语 ,"2013-08-30(中国大陆)', '2013-05-01(纽约首映)', '2013-05-10(美国)",143, 大亨小传(港/台),7.8,441305,24.0,47.5,25.6,2.5,0.4,"美国, 爱情, 原著改编, 人性, 剧情, 经典, 文艺, 人生",684923,113810,111652,3040,255,50,2010-2020,2013-08-30,美国,98283502.0377446,328585540.343973
tt0388795,usual,https://movie.douban.com/subject/1418834/,断背山 Brokeback Mountain,2005,李安,"拉里·麦克穆特瑞, 黛安娜·奥撒纳, 安妮·普鲁","希斯·莱杰, 杰克·吉伦哈尔, 米歇尔·威廉姆斯, 安妮·海瑟薇, 凯特·玛拉, 兰迪·奎德, 琳达·卡德里尼, 安娜·法瑞丝, 格拉汉姆·贝克尔, 斯科特·迈克尔·坎贝尔, 大卫·哈伯, 罗伯塔·马克斯韦尔, 皮特·麦克罗比, 夏恩·希尔, 布鲁克琳·普劳克斯, 杰克·丘奇","剧情, 爱情, 同性, 家庭",美国 / 加拿大 , 英语 ,"2005-09-02(威尼斯电影节)', '2006-01-06(加拿大)', '2006-01-13(美国)",134, 断臂山 / BBM,8.8,514652,51.9,36.6,10.5,0.7,0.2,"同性, 爱情, 美国, 经典, 感人, 剧情, 人生, 温情",761501,204751,91601,2336,322,39,2000-2010,2005-09-02,美国,15631886.0551629,198797127.48461798
tt0367594,usual,https://movie.douban.com/subject/1309101/,查理和巧克力工厂 Charlie and the Chocolate Factory,2005,蒂姆·波顿,"罗尔德·达尔, 约翰·奥古斯特","约翰尼·德普, 弗莱迪·海默, 海伦娜·伯翰·卡特, 克里斯托弗·李, 诺亚·泰勒, 大卫·凯利, 米西·派勒, 詹姆斯·福克斯, 安娜索菲亚·罗伯, 迪普·罗伊, 亚当·戈德利, 弗兰西斯卡·托格内尔, 茱莉亚·温特, 乔丹·弗雷, 菲利普·韦格拉茨","喜剧, 奇幻, 冒险",美国 / 英国 / 澳大利亚 , 英语 ,2005-07-15(美国),115, 巧克力冒险工厂 / 朱古力奖门人,8.1,341782,31.1,47.2,19.9,1.6,0.2,"JohnnyDepp, 童话, 美国, 奇幻, 魔幻, 查理和巧克力工厂, TimBurton, 美国电影",558367,40737,46894,688,146,8,2000-2010,2005-07-15,美国,167484493.448174,530332684.498405
tt1690953,usual,https://movie.douban.com/subject/4915857/,神偷奶爸2 Despicable Me 2,2013,"皮埃尔·柯芬, 克里斯·雷纳德","辛科·保罗, 肯·道里欧","史蒂夫·卡瑞尔, 克里斯汀·韦格, 本杰明·布拉特, 米兰达·卡斯格拉夫, 拉塞尔·布兰德, 郑肯, 史蒂夫·库根, 艾尔西·费舍尔, 达纳·盖尔, 莫伊塞斯·阿里亚斯, 纳西姆·帕杜雷德, 克里斯汀·沙尔, 皮埃尔·柯芬, 克里斯·雷纳德, 尼科莱·斯托伊洛夫, 瓦妮莎·贝尔, 艾娃·阿卡雷斯, 罗里·艾伦, 杰克·安杰尔, 伊娃·贝拉, 约翰·齐甘, 黛比·德里贝里, 杰斯·哈梅尔, 丹尼·曼恩, 莫娜·马歇尔, 米凯·麦高万, Alec Medlock, 拉瑞恩·纽曼, 扬·拉布森, 安德烈·鲁滨孙, 吉姆·瓦德, 艾普尔·温切尔, Bailey Gambertoglio, 雪莉·琳恩","喜剧, 动画, 冒险",美国 / 法国 / 日本 , 英语 / 乌克兰语 ,"2014-01-10(中国大陆)', '2013-07-03(美国)",99, 卑鄙的我2 / 坏蛋奖门人2(港),8.0,340446,27.6,48.8,21.7,1.7,0.2,"动画, 美国, 喜剧, 搞笑, 温情, 动画电影, 2013, 幽默",586894,44004,57253,220,43,18,2010-2020,2014-01-10,美国,71138534.8082722,908665501.929164
tt0110912,usual,https://movie.douban.com/subject/1291832/,低俗小说 Pulp Fiction,1994,昆汀·塔伦蒂诺,"昆汀·塔伦蒂诺, 罗杰·阿夫瑞","约翰·特拉沃尔塔, 乌玛·瑟曼, 阿曼达·普拉莫, 蒂姆·罗斯, 塞缪尔·杰克逊, 菲尔·拉马, 布鲁斯·威利斯, 弗兰克·威利, 布尔·斯蒂尔斯, 文·瑞姆斯, 劳拉·拉芙蕾丝, 保罗·考尔德伦, 布罗娜·加拉赫, 罗姗娜·阿奎特, 埃里克·斯托尔兹, 玛丽亚·德·梅黛洛","剧情, 喜剧, 犯罪",美国 , 英语 / 西班牙语 / 法语 ,"1994-05-12(戛纳电影节)', '1994-10-14(美国)",154, 黑色追緝令(台) / 危险人物(港) / 黑色追击令 / 低级趣味小说,8.8,576322,54.1,35.4,9.3,0.9,0.3,"美国, 经典, 黑色, 黑色幽默, 黑帮, 剧情, 犯罪, 1994",812059,265054,104855,1388,348,42,1990-2000,1994-05-12,美国,11768892.492785301,314713075.136581
tt1772341,usual,https://movie.douban.com/subject/6534248/,无敌破坏王 Wreck-It Ralph,2012,瑞奇·摩尔,"菲尔·约翰斯顿, 珍妮弗·李, 瑞奇·摩尔, 吉姆·里尔顿, 约翰·C·赖利, 山姆·J·莱文, 贾里德·斯特恩","约翰·C·赖利, 萨拉·西尔弗曼, 杰克·麦克布瑞尔, 简·林奇, 艾伦·图代克, 敏迪·卡灵, 乔·洛·特鲁格里奥, 艾德·奥尼尔, 丹尼斯·海斯伯特, 伊迪·迈克莱尔, 雷蒙德·S·佩尔西, 杰斯·哈梅尔, 瑞秋·哈里斯, 斯盖拉·阿斯丁, 亚当·卡罗拉, 霍拉提奥·桑斯, 莫里斯·拉马奇, 斯戴芬妮·斯考特, 约翰·迪·马吉欧, 瑞奇·摩尔, 凯蒂·洛斯, 贾米·埃曼, 乔西·特立尼达, 辛贝·沃克, 塔克·吉莫尔, 布兰登·斯考特, 蒂姆·梅尔滕斯, 凯文·迪特斯, 杰洛·里佛斯, 马丁·贾维斯, 布莱恩·克辛格, 罗杰·克莱格·史密斯, 菲尔·约翰斯顿, 鲁本·兰登, 凯尔·赫伯特, 洁米·斯贝勒·罗伯茨, 尼克·格里姆肖","喜剧, 动画, 奇幻, 冒险",美国 , 英语 ,"2012-11-06(中国大陆)', '2012-11-02(美国)",101, 破坏王拉尔夫 / 破坏王大冒险,8.7,363016,47.5,40.8,10.9,0.7,0.1,"动画, 迪斯尼, 美国, 喜剧, 游戏, 搞笑, 冒险, 2012",532530,98889,71769,643,114,4,2010-2020,2012-11-06,美国,156707806.42312,447541244.07003397
tt3890264,usual,https://movie.douban.com/subject/25717233/,心花路放,2014,宁浩,"岳小军, 邢爱娜, 孙小杭, 董润年, 章笛沙, 张艺凡","黄渤, 徐峥, 袁泉, 周冬雨, 陶慧, 岳小军, 沈腾, 张俪, 马苏, 刘美含, 王砚辉, 焦俊艳, 郭涛, 李晨, 熊乃瑾, 夏雨, 刘仪伟, 雷佳音, 雍梦婷, 梁浩","喜剧, 爱情",中国大陆 , 汉语普通话 / 粤语 / 云南方言 ,"2014-09-30(中国大陆)', '2014-09-06(多伦多电影节)",118, 玩命邂逅 / 玩儿命邂逅 / 心花怒放 / Breakup Buddies,7.1,408655,13.8,39.4,38.7,6.7,1.5,"喜剧, 公路, 搞笑, 黑色幽默, 爱情, 2014, 中国大陆, 人生",658559,22439,91533,1798,114,149,2010-2020,2014-09-30,多伦多电影节,0.0,0.0
tt0482571,usual,https://movie.douban.com/subject/1780330/,致命魔术 The Prestige,2006,克里斯托弗·诺兰,"乔纳森·诺兰, 克里斯托弗·诺兰, 克里斯托弗·普瑞丝特","休·杰克曼, 克里斯蒂安·贝尔, 迈克尔·凯恩, 丽贝卡·豪尔, 斯嘉丽·约翰逊, 大卫·鲍伊, 安迪·瑟金斯, 派珀·佩拉博, 萨曼塔·马霍林, 丹尼尔·戴维斯, 吉姆·皮多克, 克里斯托弗·尼姆, 马克·瑞安, 罗杰·里斯, 杰米·哈里斯, 罗恩·帕金斯, 瑞奇·杰, 安东尼·德·马克, 冀朝理","剧情, 悬疑, 惊悚",美国 / 英国 , 英语 ,"2006-10-17(罗马电影节)', '2006-10-20(美国)",130, 顶尖对决(台) / 死亡魔法(港) / 魔高一丈 / 魔道争锋,8.9,579564,52.9,38.0,8.3,0.6,0.2,"悬疑, 魔术, 美国, 剧情, 科幻, ChristopherNolan, 魔幻, 美国电影",785756,193919,103597,1614,514,115,2000-2010,2006-10-17,美国,43266766.33166289,118633483.003894
tt0309698,usual,https://movie.douban.com/subject/1297192/,致命ID Identity,2003,詹姆斯·曼高德,迈克尔·库尼,"约翰·库萨克, 雷·利奥塔, 阿曼达·皮特, 约翰·浩克斯, 阿尔弗雷德·莫里纳, 克里·杜瓦尔, 约翰·C·麦金雷, 威廉姆·李·斯科特, 杰克·布塞, 普路特·泰勒·文斯, 瑞贝卡·德·莫妮, 卡门·阿尔根齐亚诺, 马绍尔·贝尔, 莱拉·肯泽尔, 马特·莱斯切尔, 布莱特·罗尔, 霍尔姆斯·奥斯本, 弗雷德里克·科芬, Joe Hart, Michael Hirsch, 泰伦斯·伯尼·海恩斯 ","剧情, 悬疑, 惊悚",美国 , 英语 ,2003-04-25(美国),90, 杀人游戏 / 致命身份,8.8,532095,49.5,40.8,8.9,0.6,0.2,"悬疑, 惊悚, 心理, 犯罪, 美国, 恐怖, 剧情, 人性",720224,168160,95472,1032,231,43,2000-2010,2003-04-25,美国,35560579.3434758,106989379.714443
tt2194499,usual,https://movie.douban.com/subject/10577869/,时空恋旅人 About Time,2013,理查德·柯蒂斯,理查德·柯蒂斯,"多姆纳尔·格里森, 瑞秋·麦克亚当斯, 比尔·奈伊, 莉迪亚·威尔逊, 琳赛·邓肯, 理查德·科德里, 约书亚·麦圭尔, 汤姆·霍兰德, 玛格特·罗比, 维尔·梅里克, 凡妮莎·柯比, 汤姆·休斯, 哈利·海顿-佩顿, 米切尔·马伦, 丽莎·艾科恩, 珍妮·莱恩斯福德, 菲利普-沃斯, 凯瑟琳·斯戴曼, 汤姆·斯托顿, 安部春香, 李·阿斯奎斯-柯, 理查德·班克斯, 保罗·布莱克维尔, 贝恩·科拉科, 格拉姆·柯里, 罗薇娜·戴蒙德, 约翰·达根, 迪诺·法赞尼, 内芙·加切夫, 理查德·E·格兰特, 理查德·格雷弗斯, 李·尼古拉斯·哈里斯, 理查德·赫德曼, 李仙湖, 马修·C·马蒂诺, 马汀·麦格, 艾莉克丝摩尔","喜剧, 爱情, 奇幻",英国 , 英语 ,2013-09-04(英国),123, 时空旅恋人 / 回到最爱的一天(港) / 真爱每一天(台),8.7,369244,49.8,38.2,11.1,0.8,0.2,"爱情, 温情, 英国, 人生, 英国电影, 喜剧, 科幻, 亲情",520562,201665,90285,1574,114,73,2010-2020,2013-09-04,英国,0.0,81528925.30266629
tt0435761,usual,https://movie.douban.com/subject/1858711/,玩具总动员3 Toy Story 3,2010,李·昂克里奇,"迈克尔·阿恩特, 约翰·拉塞特, 安德鲁·斯坦顿, 李·昂克里奇","汤姆·汉克斯, 蒂姆·艾伦, 琼·库萨克, 尼德·巴蒂, 唐·里克斯, 迈克尔·基顿","喜剧, 动画, 奇幻, 冒险",美国 , 英语 / 西班牙语 ,"2010-06-16(中国大陆)', '2010-06-18(美国)",103, 反斗奇兵3(港) / 玩具的故事3,8.8,338204,52.9,36.7,9.8,0.5,0.1,"动画, 美国, Pixar, 迪斯尼, 成长, 感人, 喜剧, 3D",544823,95543,56140,1057,339,7,2000-2010,2010-06-16,美国,200000000.0,1063171911.0
tt2802144,usual,https://movie.douban.com/subject/24405378/,王牌特工：特工学院 Kingsman: The Secret Service,2014,马修·沃恩,"简·古德曼, 马修·沃恩, 马克·米勒, 戴夫·吉布森","塔伦·埃哲顿, 科林·费尔斯, 塞缪尔·杰克逊, 迈克尔·凯恩, 马克·斯特朗, 索菲·库克森, 索菲亚·波多拉, 马克·哈米尔, 杰克·达文波特, 萨曼塔·沃马克, 汉娜·奥斯特罗姆, 约诺·戴维斯, 亚历克斯·尼科洛夫, 维利贝·托皮奇, 杰夫·贝尔, 艾德里安·奎因顿, 乔丹·朗, 西奥·巴克利姆-比格斯, 摩根·华金斯, 拉尔夫·伊内森, 爱德华·霍尔克罗夫特, 尼古拉斯·班克斯","喜剧, 动作, 冒险",英国 / 美国 , 英语 / 阿拉伯语 / 瑞典语 ,"2015-03-27(中国大陆)', '2014-12-13(BNAT电影节)', '2015-01-29(英国)",125, 皇家特工：间谍密令(港) / 金牌特务(台) / 金牌特工 / 特勤局 / 王的男人之秘密服务(豆友译名) / The Secret Service,8.4,504592,37.8,45.8,14.7,1.3,0.4,"英国, 特工, 动作, 喜剧, 黑色幽默, 2015, 犯罪, 搞笑",784861,63069,119240,872,99,265,2010-2020,2015-03-27,英国,74519967.21121441,371497801.660967
tt0332280,usual,https://movie.douban.com/subject/1309163/,恋恋笔记本 The Notebook,2004,尼克·卡萨维蒂,"扬·萨尔迪, 杰里米·莱文, 尼古拉斯·斯帕克斯","瑞恩·高斯林, 瑞秋·麦克亚当斯, 吉娜·罗兰兹, 詹姆斯·加纳, 斯塔尔勒塔·杜波利斯, 凯文·康诺利, 希瑟·沃奎斯特, 杰弗里·奈特, 琼·艾伦, 詹姆斯·麦斯登","剧情, 爱情",美国 , 英语 ,2004-06-25(美国),123, 忘了·忘不了(港) / 手札情缘(台) / 深情日记 / 写我情真 / 恋恋记事本 / 恋爱日记,8.5,450309,43.8,40.9,13.8,1.2,0.3,"爱情, 浪漫, 美国, 感动, 恋恋笔记本, 美国电影, 经典, 2004",652766,180853,99394,2346,236,18,2000-2010,2004-06-25,美国,33478916.5945523,133457615.92248
tt0112471,usual,https://movie.douban.com/subject/1296339/,爱在黎明破晓前 Before Sunrise,1995,理查德·林克莱特,"理查德·林克莱特, 金·克里桑","伊桑·霍克, 朱莉·德尔佩, 安德莉亚·埃克特, 汉诺·波西尔, Karl Bruckschwaiger, Tex Rubinowitz, 埃尔尼·曼戈尔德, Dominik Castell, Haymon Maria Buttinger, Harald Waiglein, 汉斯·魏因加特纳, Peter Ily Huemer, Hubert Fabian Kulterer, 约翰·斯洛斯, Christian Ankowitsch, 亚当·戈德堡, Paul Poet","剧情, 爱情",美国 / 奥地利 / 瑞士 , 英语 / 德语 / 法语 ,1995-01-27(美国),101, 情留半天(港) / 爱在黎明破晓时(台) / 日出之前,8.8,396520,53.0,35.4,10.3,1.0,0.3,"爱情, 文艺, 浪漫, 旅行, 美国, 经典, 1995, 奥地利",537790,249880,94741,2331,229,26,1990-2000,1995-01-27,美国,3577417.16776741,7920981.15101823
tt0097165,usual,https://movie.douban.com/subject/1291548/,死亡诗社 Dead Poets Society,1989,彼得·威尔,汤姆·舒尔曼,"罗宾·威廉姆斯, 罗伯特·肖恩·莱纳德, 伊桑·霍克, 乔西·查尔斯, 盖尔·汉森, 迪伦·库斯曼, 阿勒隆·鲁杰罗, 詹姆斯·沃特斯顿, 诺曼·劳埃德, 柯特伍德·史密斯, 卡拉·贝尔韦尔, 利昂·波纳尔, 乔治·马丁, 乔·奥菲耶里, 马特·凯里, 凯文·库尼, 拉腊·弗林·鲍尔, 亚历桑德拉·鲍尔斯, 梅洛拉·沃尔特斯, 帕梅拉·伯勒尔, 约翰·库宁汉姆, 迪布拉·穆尼, 库尔特·莱特纳, 凯瑟·斯内德, 霍纳斯·斯蒂克洛瑞斯, 杰米·肯尼迪",剧情,美国 , 英语 / 拉丁语 ,"1989-06-02(多伦多首映)', '1989-06-09(美国)",128, 暴雨骄阳(港) / 春风化雨(台) / 壮志骄阳,9.1,478015,62.0,30.7,6.7,0.6,0.2,"成长, 青春, 教育, 励志, 美国, 经典, 死亡诗社, RobinWilliams",679193,269583,99699,3605,297,24,1980-1990,1989-06-02,美国,28847353.0003094,414874391.76499504
tt0418279,usual,https://movie.douban.com/subject/1794171/,变形金刚 Transformers,2007,迈克尔·贝,"罗伯托·奥奇, 艾里克斯·库兹曼","希亚·拉博夫, 泰瑞斯·吉布森, 乔什·杜哈明, 安东尼·安德森, 梅根·福克斯, 瑞切尔·泰勒, 约翰·特托罗, 强·沃特, 迈克尔·奥尼尔, 凯文·杜恩, 朱丽叶·怀特","动作, 科幻",美国 , 英语 / 西班牙语 ,"2007-07-11(中国大陆)', '2007-07-03(美国)",144, 变形金刚电影版,8.2,358683,32.4,48.7,17.1,1.4,0.4,"科幻, 美国, 经典, 动作, 2007, 机器人, 漫画改编, 欧美",656863,19644,35307,805,237,3,2000-2010,2007-07-11,美国,157750287.39473101,746379478.412346
tt1754656,usual,https://movie.douban.com/subject/20645098/,小王子 Le Petit Prince,2015,马克·奥斯本,"伊连娜·布里纳尔, 鲍勃·佩尔西凯蒂, 安东尼·德·圣-埃克苏佩里","杰夫·布里吉斯, 麦肯吉·弗依, 瑞秋·麦克亚当斯, 瑞利·奥斯本, 詹姆斯·弗兰科, 玛丽昂·歌迪亚, 本尼西奥·德尔·托罗, 保罗·路德, 艾伯特·布鲁克斯, 巴德·库特, 瑞奇·热维斯, 保罗·吉亚玛提, 杰奎·巴恩布鲁克, 马塞尔·布里奇斯, 杰菲·布莱尼恩","动画, 奇幻",法国 , 英语 / 法语 ,"2015-10-16(中国大陆)', '2015-05-22(戛纳电影节)', '2015-07-29(法国)",108, The Little Prince,8.2,229511,35.9,42.4,18.5,2.4,0.8,"动画, 法国, 童话, 成长, 温情, 童话改编, 经典, 文艺",356135,73137,60998,1816,58,71,2010-2020,2015-10-16,法国,58879974.0928114,89765510.50317529
tt0314331,usual,https://movie.douban.com/subject/1292401/,真爱至上 Love Actually,2003,理查德·柯蒂斯,理查德·柯蒂斯,"休·格兰特, 科林·费尔斯, 艾玛·汤普森, 凯拉·奈特莉, 连姆·尼森, 托马斯·布罗迪-桑斯特, 比尔·奈伊, 马丁·弗瑞曼, 劳拉·琳妮, 艾伦·瑞克曼, 克里斯·马歇尔, 罗德里戈·桑托罗, 罗温·艾金森, 比利·鲍伯·松顿, 玛汀·麦古基安, 安德鲁·林肯, 露西娅·莫尼斯, 海克·玛卡琪","剧情, 喜剧, 爱情",英国 / 美国 / 法国 , 英语 / 葡萄牙语 / 法语 ,"2003-09-07(多伦多电影节)', '2003-11-06(美国)', '2003-11-21(英国)",135, 爱是您，爱是我(台) / 真的恋爱了(港) / 真情角落 / 真爱 / Love Actually Is All Around,8.6,503321,46.1,38.5,13.9,1.2,0.3,"爱情, 英国, 温情, 喜剧, 圣诞, 浪漫, 经典, 美国",693323,211893,117022,1678,360,32,2000-2010,2003-09-07,英国,47414105.7913011,290330516.61935496
tt0825232,usual,https://movie.douban.com/subject/1867345/,遗愿清单 The Bucket List,2007,罗伯·莱纳,贾斯汀·扎克汉姆,"杰克·尼科尔森, 摩根·弗里曼, 西恩·海耶斯, 贝弗利·陶德, 罗伯·莫洛, 阿方索·弗里曼, 罗文娜·金, 韦尔达·布里奇斯, 伊恩·安东尼·代尔, 詹妮弗·迪弗朗西斯科, 安吉拉·加德纳, 诺尔·古格雷米, 乔纳森·赫尔南德斯, 休·B·赫鲁伯, 理查德·麦克格纳格尔, 丸山凯伦, 安波米德, 尼基·诺瓦克, 克里斯托弗·斯塔普勒顿, 泰勒.安.汤普森, 亚历克斯·崔贝克, Annton Berry Jr., Destiny Brownridge, Brian Copeland, Jordan Lund, Jonathan Mangum, Serena Reeder, MaShae Alderman, Vin Scully","剧情, 喜剧, 冒险",美国 , 英语 ,"2007-12-25(多伦多电影节)', '2008-01-11(美国)",97, 玩转身前事(港) / 一路玩到挂(台) / 拿命开玩笑 / 乐着活下去,8.6,245938,44.0,44.0,11.3,0.6,0.1,"温情, 美国, 人生, 摩根·弗里曼, 老年, 喜剧, MorganFreeman, 美国电影",347847,153748,47301,1226,130,12,2000-2010,2007-12-25,美国,47325086.2184195,184433750.61088702
tt0137523,usual,https://movie.douban.com/subject/1292000/,搏击俱乐部 Fight Club,1999,大卫·芬奇,"恰克·帕拉尼克, 吉姆·乌尔斯","爱德华·诺顿, 布拉德·皮特, 海伦娜·伯翰·卡特, 扎克·格雷尼尔, 米特·洛夫, 杰瑞德·莱托, 艾恩·贝利, 里奇蒙德·阿奎特 , 乔治·马奎尔","剧情, 动作, 悬疑, 惊悚",美国 / 德国 , 英语 ,"1999-09-10(威尼斯电影节)', '1999-10-15(美国)",139, 搏击会(港) / 斗阵俱乐部(台) / 格斗俱乐部,9.0,611699,61.2,30.4,7.3,0.8,0.3,"心理, 美国, 悬疑, 暴力, 经典, 剧情, 黑色, 犯罪",853054,251141,116111,2456,478,53,1990-2000,1999-09-10,美国,82470329.3354423,132022892.45436999
tt0485976,usual,https://movie.douban.com/subject/1859036/,宝贝计划 寶貝計劃,2006,陈木胜,"袁锦麟, 成龙, 陈木胜","成龙, 古天乐, 蔡志强, 许冠文, 蔡卓妍, 高圆圆, 陈宝国, 元彪, 余安安, 吴彦祖, 谢霆锋","剧情, 喜剧, 动作",中国香港 / 中国大陆 , 汉语普通话 / 粤语 ,"2006-09-28(中国大陆)', '2006-09-29(中国香港)', '2006-09-08(威尼斯电影节)",125, BB计划 / Rob-B-Hood / Bo bui gai wak,7.3,320605,14.0,44.2,37.7,3.6,0.5,"喜剧, 成龙, 香港, 动作, 古天乐, 香港电影, 宝贝计划, 搞笑",593049,5798,26795,238,90,2,2000-2010,2006-09-28,威尼斯电影节,0.0,0.0
tt0903624,usual,https://movie.douban.com/subject/1966182/,霍比特人1：意外之旅 The Hobbit: An Unexpected Journey,2012,彼得·杰克逊,"弗兰·威尔士, 菲利帕·鲍恩斯, 彼得·杰克逊, 吉尔莫·德尔·托罗, J·R·R·托尔金","伊恩·麦克莱恩, 马丁·弗瑞曼, 理查德·阿米蒂奇, 肯·斯托特, 格拉汉姆·麦克泰维什, 詹姆斯·内斯比特, 迪恩·奥戈曼, 艾丹·特纳, 雨果·维文, 凯特·布兰切特, 安迪·瑟金斯, 西尔维斯特·迈可伊, 克里斯托弗·李, 伊利亚·伍德, 伊安·霍姆, 李·佩斯","动作, 奇幻, 冒险",美国 / 新西兰 , 英语 ,"2013-02-22(中国大陆)', '2012-11-28(新西兰首映)', '2012-12-14(美国)",169, 哈比人：不思议之旅(港) / 哈比人：意外旅程(台) / The Hobbit: Part 1 / 指环王前传：霍比特人(上),8.3,310427,35.6,45.5,16.7,1.7,0.5,"魔幻, 魔戒, 美国, 奇幻, 史诗, 冒险, 指环王, 经典",504345,55671,66055,705,176,27,2010-2020,2013-02-22,美国,237436070.33806098,965893322.8228301
tt0071562,cool,https://movie.douban.com/subject/1299131/,教父2 The Godfather: Part Ⅱ,1974,弗朗西斯·福特·科波拉,"弗朗西斯·福特·科波拉, 马里奥·普佐","阿尔·帕西诺, 罗伯特·杜瓦尔, 黛安·基顿, 罗伯特·德尼罗, 约翰·凯泽尔, 塔莉娅·夏尔, 李·斯特拉斯伯格, 迈克尔·V·格佐, G·D·斯普拉德林, 理查德·布赖特, 加斯通·莫辛, 汤姆·罗斯奎, 布鲁诺·柯比, 弗兰克·西维罗, 弗朗西丝卡·德·萨维奥","剧情, 犯罪",美国 , 英语 / 意大利语 / 西班牙语 / 拉丁语 / 西西里语 ,"1974-12-12(纽约首映)', '1974-12-20(美国)",202, 教父续集 / 教父II,9.2,351231,66.0,28.5,5.1,0.3,0.1,"黑帮, 教父, 经典, 美国, 犯罪, 剧情, 人性, 人生",547195,148573,36838,373,130,25,1970-1980,1974-12-12,美国,57489690.5506849,210247939.768493
tt0383574,cool,https://movie.douban.com/subject/1315574/,"""加勒比海盗2：聚魂棺 Pirates of the Caribbean: Dead Mans Chest""",2006,戈尔·维宾斯基,"Ted Elliott, 特里·鲁西奥, Stuart Beattie, Jay Wolpert","约翰尼·德普, 奥兰多·布鲁姆, 凯拉·奈特莉, 杰克·达文波特, 比尔·奈伊, 乔纳森·普雷斯","动作, 奇幻, 冒险",美国 , 英语 / 土耳其语 / 希腊语 ,2006-07-07(美国),151, 加勒比海盜：决战魔盜王(港) / 加勒比海盗：神鬼奇航2(台) / 加勒比海盗2：亡灵宝藏 / Pirates 2,8.3,308653,32.7,49.7,16.4,1.0,0.1,"JohnnyDepp, 美国, 魔幻, 海盗, 奇幻, 加勒比海盗2, 约翰尼·德普, 动作",545311,19515,22372,178,53,4,2000-2010,2006-07-07,美国,216333831.658314,1152691351.87119
tt2084970,cool,https://movie.douban.com/subject/10463953/,模仿游戏 The Imitation Game,2014,莫滕·泰杜姆,"格拉汉姆·摩尔, 安德鲁·霍奇斯","本尼迪克特·康伯巴奇, 凯拉·奈特莉, 马修·古迪, 罗里·金奈尔, 艾伦·里奇, 马修·比尔德, 查尔斯·丹斯, 马克·斯特朗, 詹姆斯·诺斯科特, 汤姆·古德曼-希尔, 史蒂芬·威丁顿, 伊兰·古德曼, 杰克·塔尔登, 埃里克斯·劳瑟, 杰克·巴农, 塔彭丝·米德尔顿, 安德鲁·哈维尔, 维尔·博登, 李·阿斯奎斯-柯, 海莉·乔安妮·培根, 安库塔·布雷班, 格雷斯·卡尔德, 理查德·坎贝尔, 温斯顿·丘吉尔, 克里斯·考林, 汉娜·弗林, 阿道夫·希特勒, 卢克·霍普, 斯图尔特·马修斯, 亚当·诺威尔, 哈里·S·杜鲁门","剧情, 同性, 传记, 战争",英国 / 美国 , 英语 / 德语 ,"2015-07-21(中国大陆)', '2014-11-14(英国)', '2014-12-25(美国)",114, 解码游戏(港) / 模拟游戏,8.7,413682,45.5,43.2,10.6,0.6,0.1,"传记, 图灵, 英国, 同性, 二战, 剧情, 历史, 战争",569306,199260,86631,1314,76,105,2010-2020,2015-07-21,美国,12895274.7108004,215126072.495392
tt0120903,cool,https://movie.douban.com/subject/1295250/,X战警 X-Men,2000,布莱恩·辛格,大卫·海特,"休·杰克曼, 帕特里克·斯图尔特, 伊恩·麦克莱恩, 法米克·詹森, 詹姆斯·麦斯登, 哈莉·贝瑞, 安娜·帕奎因, 雷·帕克, 丽贝卡·罗梅恩, 布鲁斯·戴维森","动作, 科幻",美国 / 加拿大 , 英语 ,2000-07-14(美国),104, 变种特攻,7.7,226637,18.6,51.6,28.1,1.5,0.2,"科幻, 美国, X战警, 动作, 漫画改编, 美国电影, 2000, 电影",482223,14222,18746,69,22,12,1990-2000,2000-07-14,美国,94971908.5757354,199187391.22550702
tt0458525,cool,https://movie.douban.com/subject/1792928/,金刚狼 X-Men Origins: Wolverine,2009,加文·胡德,"戴维·贝尼奥夫, 斯基普·伍兹","休·杰克曼, 列维·施瑞博尔, 瑞恩·雷诺兹, 丹尼·赫斯顿, 泰勒·克奇, 琳恩·柯林斯, 威廉姆·亚当斯, 丹尼尔·海尼","动作, 科幻",美国 , 英语 ,"2009-05-03(中国大陆)', '2009-05-01(美国)",107, X战警前传：金刚狼 / 变种特攻：狼人外传(港) / X战警：金钢狼(台),7.5,223592,16.1,44.9,35.3,3.2,0.4,"科幻, 美国, 动作, 超级英雄, 漫画改编, 2009, marvel, 漫威",472698,16741,23226,386,282,20,2000-2010,2009-05-03,美国,152460065.118743,346726502.499023
tt0376994,cool,https://movie.douban.com/subject/1401524/,X战警3：背水一战 X-Men: The Last Stand,2006,布莱特·拉特纳,"西蒙·金伯格, Zak Penn","休·杰克曼, 哈莉·贝瑞, 伊恩·麦克莱恩, 帕特里克·斯图尔特, 法米克·詹森, 安娜·帕奎因, 凯尔希·格兰莫, 詹姆斯·麦斯登, 丽贝卡·罗梅恩, 肖恩·阿什莫, 艾伦·佩吉, 本·福斯特, 亚伦·斯坦福","动作, 科幻, 惊悚",美国 / 加拿大 / 英国 , 英语 ,"2006-09-08(中国大陆)', '2006-05-22(戛纳电影节)', '2006-05-26(美国)",104, 变种特攻3 / X战警：最后战役 / X战警3：最后之战 / X战警3：最后一战,7.6,190993,17.6,49.3,30.6,2.3,0.3,"科幻, X战警, 美国, 动作, 漫画改编, 美国电影, 2006, Marvel",423216,13268,16841,167,71,11,2000-2010,2006-09-08,美国,227150523.24122998,253499999.080581
tt1099212,cool,https://movie.douban.com/subject/2268359/,暮光之城 Twilight,2008,凯瑟琳·哈德威克,"梅莉莎·罗森伯格, 斯蒂芬妮·梅耶","克里斯汀·斯图尔特, 罗伯特·帕丁森, 比利·伯克, 阿什丽·格林尼, 妮基·瑞德, 泰勒·洛特纳, 艾迪·盖瑟吉, 迈克·韦尔奇","剧情, 爱情, 惊悚, 奇幻",美国 , 英语 ,"2009-11-25(中国大陆)', '2008-11-21(美国)",122, 暮色 / 吸血新世纪(港) / 暮光之城：无惧的爱(台) / 暮光 / 晨光,7.4,381910,20.8,39.7,32.3,5.6,1.6,"吸血鬼, 爱情, 暮光之城, 美国, 魔幻, Twilight, 奇幻, 美国电影",634087,23717,56452,1585,657,3,2000-2010,2009-11-25,美国,37473105.4509392,397636870.011266
tt0369610,cool,https://movie.douban.com/subject/10440138/,侏罗纪世界 Jurassic World,2015,科林·特雷沃罗,"里克·杰法, 阿曼达·斯尔沃, 德里克·康纳利, 科林·特雷沃罗, 迈克尔·克莱顿","克里斯·帕拉特, 布莱丝·达拉斯·霍华德, 文森特·多诺费奥, 泰·辛普金斯, 尼克·罗宾森, 奥玛·希, 黄荣亮, 伊尔凡·可汗, 朱迪·格雷尔, 杰克·约翰逊, 劳伦·拉普库斯, 凯蒂·麦克格雷斯, 布莱恩·泰, 埃迪·J.费尔南德斯, 因德尔·库马尔, 安迪·巴克利, 吉米·法伦","动作, 科幻, 冒险",美国 / 中国大陆 , 英语 ,"2015-06-10(中国大陆)', '2015-06-12(美国)",124, 侏罗纪公园4 / Jurassic Park IV / Jurassic Park 4,7.7,323418,19.0,49.6,28.7,2.3,0.4,"科幻, 恐龙, 美国, 冒险, 2015, 动作, 惊悚, 灾难",544752,25577,70475,732,63,197,2010-2020,2015-06-10,美国,137999939.280026,1392445892.5238
tt1430132,cool,https://movie.douban.com/subject/3718424/,金刚狼2 The Wolverine,2013,詹姆斯·曼高德,"马克·鲍姆贝克, 斯科特·弗兰克","休·杰克曼, 冈本多绪, 福岛莉拉, 真田广之, 斯维特拉纳·库德钦科娃, 布莱恩·泰, 山内春彦, 法米克·詹森, 李威尹","动作, 科幻",美国 / 英国 , 英语 / 日语 ,"2013-10-17(中国大陆)', '2013-07-26(美国)",126, 狼人：武士激战(港) / 金钢狼：武士之战(台) / X战警：金钢狼2(台) / Wolverine 2 / X-Men Origins: Wolverine 2,6.5,163718,9.6,26.3,48.0,13.6,2.4,"科幻, 美国, X战警, 动作, 超级英雄, 漫画改编, MARVEL, 2013",389262,16128,31668,375,75,31,2010-2020,2013-10-17,美国,112324002.32885,388866326.01292795
tt1270798,cool,https://movie.douban.com/subject/3168089/,X战警：第一战 X-Men: First Class,2011,马修·沃恩,"简·古德曼, 马修·沃恩, 布莱恩·辛格, 阿什利·米勒, 扎克·施坦茨, 谢尔顿·特纳","詹姆斯·麦卡沃伊, 迈克尔·法斯宾德, 詹纽瑞·琼斯, 詹妮弗·劳伦斯, 罗丝·伯恩, 尼古拉斯·霍尔特, 凯文·贝肯, 佐伊·克罗维兹, 亚历克斯·冈萨雷斯, 杰森·弗莱明, 卢卡斯·提尔, 摩根·莉莉, 艾迪·盖瑟吉, 奥利弗·普莱特, 雷·怀斯, 比尔·米尔纳, 卡赖伯·兰德里·琼斯","剧情, 动作, 科幻",美国 / 英国 , 英语 / 德语 / 法语 / 西班牙语 / 俄语 ,"2011-05-25(纽约首映)', '2011-06-01(英国)', '2011-06-03(美国)",132, 变种特攻：异能第一战(港) / X战警外传之第一课 / X战警：第一堂课 / X战警：异能第一战 / X战警：初级 / 叉男初恋 / 叉人初恋(豆友译名) / X: First Class,8.2,281094,29.2,53.2,16.6,0.8,0.2,"科幻, 美国, 超能力, 漫画改编, Marvel, 动作, 2011, 奇幻",517777,32069,44391,364,155,34,2010-2020,2011-05-25,美国,155103686.814635,333880181.432537
tt0449088,cool,https://movie.douban.com/subject/1418192/,"""加勒比海盗3：世界的尽头 Pirates of the Caribbean: At Worlds End""",2007,戈尔·维宾斯基,"Ted Elliott, 特里·鲁西奥","约翰尼·德普, 杰弗里·拉什, 奥兰多·布鲁姆, 凯拉·奈特莉, 周润发, 比尔·奈伊","动作, 奇幻, 冒险",美国 , 英语 / 荷兰语 ,"2007-06-12(中国大陆)', '2007-05-25(美国)",169, 加勒比海盜：魔盜王终极之战(港) / 神鬼奇航：世界的尽头(台) / 加勒比海盗3：死亡荣誉 / Pirates 3,8.2,288817,32.7,47.3,18.3,1.5,0.2,"美国, 海盗, 奇幻, 冒险, 动作, 2007, 喜剧, 剧情",505952,18462,23118,363,118,8,2000-2010,2007-06-12,美国,315500574.789463,1010653507.9089099
tt0290334,cool,https://movie.douban.com/subject/1305724/,X战警2 X2,2003,布莱恩·辛格,"迈克尔·道赫蒂, 丹·哈里斯, 大卫·海特","帕特里克·斯图尔特, 休·杰克曼, 伊恩·麦克莱恩, 哈莉·贝瑞, 法米克·詹森, 詹姆斯·麦斯登, 安娜·帕奎因, 丽贝卡·罗梅恩, 布莱恩·考克斯, 胡凯莉, 亚伦·斯坦福","动作, 科幻, 惊悚",美国 / 加拿大 , 英语 / 德语 / 意大利语 / 西班牙语 ,"2003-09-29(中国大陆)', '2003-05-02(美国)",133, 变种特攻2 / X-Men 2 / X-Men United,7.7,194271,16.9,52.5,29.0,1.4,0.2,"科幻, 美国, X战警, 动作, 漫画改编, 美国电影, 2003, Marvel",433604,12147,14282,60,31,13,2000-2010,2003-09-29,美国,130388790.926078,254790104.86577702
tt0362227,cool,https://movie.douban.com/subject/1292274/,幸福终点站 The Terminal,2004,史蒂文·斯皮尔伯格,"安德鲁·尼科尔, 萨沙·杰瓦西 , 杰夫·内桑森","汤姆·汉克斯, 凯瑟琳·泽塔-琼斯, 斯坦利·图齐, 齐·麦克布赖德, 迭戈·卢纳, 巴里·沙巴卡·亨利, 库玛·帕拉纳, 佐伊·索尔达娜, 埃迪·琼斯, 祖德·塞克利拉, 科瑞·雷诺兹, 古列雷莫·迪亚兹, 里尼·贝尔, 瓦列里·尼古拉耶夫, 迈克尔·诺里, Bob Morrisey, 萨沙·斯皮尔伯格, 苏珊·索洛米, 卡尔利斯·布克, Stephon Fuller, 丹·芬纳蒂, Lydia Blanco, 肯尼斯·崔, 卡斯·安瓦尔, 康拉德·皮拉, 杜桑恩·杜基齐, 马克·伊瓦涅, Benny Golson, 斯科特·安第斯, 罗伯特·科瓦吕比亚, Dilva Henry, 卡尔艾拉切, Hayati Akbas, 艾力克斯·伯恩斯, 埃莱娜·卡多纳, Dan Chase, 查得·R·戴维斯, Antonella Elia, Michael Eliopoulos, Marston Fobbs, Riad Galayini, 杰拉德·加纳, Justin Rodgers Hall, Mohammed Hassan, Amber Havens, Ksenia Jarova, Barry Julien, Svilena Kidess, Zuzana Monroe, 艾丽西亚·奥奇瑟, 本杰明·奥切恩格","剧情, 喜剧, 爱情",美国 , 英语 / 俄语 / 法语 / 保加利亚语 ,"2005-01-14(中国大陆)', '2004-06-18(美国)",128, 机场客运站(港) / 航站情缘(台) / 航站奇缘 / 单程机票航站奇缘 / 候机楼 / 单程机票 / 爱你无国界,8.8,366425,49.8,40.4,9.2,0.6,0.1,"汤姆·汉克斯, 美国, 爱情, 喜剧, 斯皮尔伯格, 剧情, 美国电影, TomHanks",527059,155774,57844,1071,157,24,2000-2010,2005-01-14,美国,69266723.9887289,253305240.674159
tt0145487,cool,https://movie.douban.com/subject/1306612/,蜘蛛侠 Spider-Man,2002,山姆·雷米,"大卫·凯普, 斯坦·李, 史蒂夫·迪特寇","托比·马奎尔, 威廉·达福, 克斯汀·邓斯特, 詹姆斯·弗兰科, 克里夫·罗伯逊, 罗斯玛丽·哈里斯, J·K·西蒙斯, 乔·曼根尼罗, 格里·贝克尔, 比尔·努恩, 杰克·贝茨, 斯坦利·安德森, 罗恩·帕金斯, 迈克尔·帕帕约翰, 布鲁斯·坎贝尔 ","动作, 科幻, 冒险",美国 , 英语 ,"2002-08-07(中国大陆)', '2002-05-03(美国)",121, 蜘蛛人,7.8,270809,21.0,50.1,27.2,1.5,0.2,"科幻, 美国, 蜘蛛侠, 动作, 漫画改编, 美国电影, 超级英雄, 2002",514825,11123,21704,156,44,1,2000-2010,2002-08-07,美国,168504333.713256,996125553.1851801
tt0114709,cool,https://movie.douban.com/subject/1291575/,玩具总动员 Toy Story,1995,约翰·拉塞特,"乔斯·韦登, 安德鲁·斯坦顿, 乔尔·科恩, 亚历克·索科洛","汤姆·汉克斯, 蒂姆·艾伦, 唐·里克斯, 吉姆·法尼","喜剧, 动画, 家庭",美国 , 英语 ,1995-11-22(美国),81, 反斗奇兵(港) / 玩具的故事,8.4,254879,37.3,47.5,14.5,0.6,0.1,"动画, 美国, 迪斯尼, pixar, 玩具总动员, 动画片, DISNEY, 美国电影",445039,19525,25125,174,32,4,1990-2000,1995-11-22,美国,42929006.013208896,517950958.475917
tt1587310,cool,https://movie.douban.com/subject/4301224/,沉睡魔咒 Maleficent,2014,罗伯特·斯特罗姆伯格,"保罗·迪尼, 琳达·伍尔芙顿","安吉丽娜·朱莉, 艾丽·范宁, 沙尔托·科普雷, 莱丝利·曼维尔, 艾美达·斯丹顿, 朱诺·坦普尔, 萨姆·赖利, 布伦顿·思韦茨, 肯尼思·库兰汉姆, 莎拉·弗林德, 汉娜·纽, 伊莎贝尔·莫洛伊, 迈克尔·希金斯, 艾拉·珀内尔, 杰克逊·比尤斯","奇幻, 冒险",美国 / 英国 , 英语 ,"2014-06-20(中国大陆)', '2014-05-30(美国)",98, 黑魔后：沉睡魔咒(港) / 黑魔女：沉睡魔咒(台) / 梅尔菲森特 / 玛琳菲森 / 黑法魔女 / 睡美人外传,7.2,219367,14.9,38.0,39.9,6.1,1.0,"魔幻, 童话, 美国, 迪斯尼, 奇幻, 安吉丽娜·朱莉, 温情, 2014",343412,31091,56343,645,38,43,2010-2020,2014-06-20,美国,165796389.138862,698565011.988
tt1596343,cool,https://movie.douban.com/subject/4286017/,速度与激情5 Fast Five,2011,林诣彬,"克里斯·摩根, 盖瑞·斯科特·汤普森","范·迪塞尔, 保罗·沃克, 乔丹娜·布鲁斯特, 泰瑞斯·吉布森, 卢达克里斯, 马特·斯查尔兹, 姜成镐, 盖尔·加朵, 特戈·卡尔德隆, 唐·奥马尔, 乔昆姆·德·阿尔梅达, 道恩·强森, 埃尔莎·帕塔奇, 迈克尔·厄尔比, 费尔南多·钱, 阿里米·巴尔拉德, 约戈·康斯坦丁, 吉奥夫·米德, Joseph Melendez, 马克·希克斯, Corey Michael Eubanks, 小路易斯·达·席尔瓦, 肯特·绍克内克, 莎伦泰, 埃莱娜·卡多纳, Amanda Salinas, Benjamin Easterday, 伊娃·门德斯, 杰瑞德·莫泽, 米歇尔·罗德里格兹, 布赖恩·泰斯特, 伊万·J·托雷斯·拉桑塔","动作, 犯罪",美国 , 英语 / 葡萄牙语 / 西班牙语 / 意大利语 / 法语 ,"2011-05-12(中国大陆)', '2011-04-29(美国)",130, 狂野时速5(港) / 玩命关头5(台) / Fast & Furious 2 / Fast Five: The IMAX Experience,8.4,284836,38.7,45.5,14.5,1.0,0.3,"动作, 美国, 飙车, 赛车, 速度, 犯罪, 暴力, 2011",555095,34439,52503,563,104,7,2010-2020,2011-05-12,美国,121174755.323934,606976636.537775
tt0948470,cool,https://movie.douban.com/subject/2129132/,超凡蜘蛛侠 The Amazing Spider-Man,2012,马克·韦布,"史蒂夫·迪特寇, 斯坦·李, 詹姆斯·范德比尔特","安德鲁·加菲尔德, 艾玛·斯通, 瑞斯·伊凡斯, 马丁·辛, 莎莉·菲尔德, C·托马斯·豪威尔, 丹尼斯·利瑞, 朱丽安妮·尼科尔森, 坎贝尔·斯科特, 安妮·帕里西, 伊尔凡·可汗, 迈尔斯·艾略特, 汉娜·马克斯","动作, 科幻, 冒险",美国 , 英语 ,"2012-08-27(中国大陆)', '2012-07-03(美国)",136, 蜘蛛侠：惊世现新(港) / 蜘蛛人：惊奇再起(台) / 神奇蜘蛛侠 / 蜘蛛侠前传 / 蜘蛛侠4 / 新蜘蛛侠,7.4,235897,15.6,45.2,35.0,3.6,0.6,"蜘蛛侠, 科幻, 美国, 动作, 漫画改编, Marvel, 2012, 漫画英雄",431391,21476,47644,610,175,14,2010-2020,2012-08-27,美国,204195020.490732,714412708.528228
tt2866360,cool,https://movie.douban.com/subject/25807345/,彗星来的那一夜 Coherence,2013,詹姆斯·沃德·布柯特,"詹姆斯·沃德·布柯特, 亚历克斯·马努吉安","艾米丽·芭尔多尼, 莫瑞·史特林, 尼古拉斯·布兰登, 劳伦·斯卡法莉娅, 伊丽莎白·格瑞斯, 雨果·阿姆斯特朗, 亚历克斯·马努吉安, 劳伦·马赫","科幻, 悬疑, 惊悚",美国 / 英国 , 英语 ,"2013-09-19(奇幻电影节)', '2014-08-06(美国)",89, 相干性 / 相干效应,8.5,338960,41.6,44.2,12.6,1.2,0.4,"科幻, 悬疑, 烧脑, 美国, 平行世界, 时空, 惊悚, 人性",451126,182767,79625,885,164,208,2010-2020,2013-09-19,美国,0.0,96052.9345581641
tt1014759,cool,https://movie.douban.com/subject/2336785/,爱丽丝梦游仙境 Alice in Wonderland,2010,蒂姆·波顿,"琳达·伍尔芙顿, 路易斯·卡罗尔","米娅·华希科沃斯卡, 约翰尼·德普, 海伦娜·伯翰·卡特, 安妮·海瑟薇, 克里斯平·格洛弗, 马特·卢卡斯, 斯蒂芬·弗雷, 麦克·辛, 艾伦·瑞克曼, 克里斯托弗·李","奇幻, 冒险",美国 , 英语 ,"2010-03-26(中国大陆)', '2010-03-05(美国)",108, 爱丽丝漫游仙境 / 魔境梦游 / 爱丽丝漫游奇境记,7.3,311318,14.1,40.2,40.6,4.6,0.5,"童话, 奇幻, 美国, 冒险, 3D, 2010, 童年, 科幻",510398,50177,56328,1538,333,7,2000-2010,2010-03-26,美国,200000000.0,1025467110.0
tt1905041,cool,https://movie.douban.com/subject/6537500/,速度与激情6 Furious 6,2013,林诣彬,"克里斯·摩根, 盖瑞·斯科特·汤普森","范·迪塞尔, 保罗·沃克, 道恩·强森, 乔丹娜·布鲁斯特, 米歇尔·罗德里格兹, 泰瑞斯·吉布森, 姜成镐, 盖尔·加朵, 卢达克里斯, 卢克·伊万斯, 埃尔莎·帕塔奇, 吉娜·卡拉诺, 克拉拉·佩吉特, 金·柯尔德, 乔·塔斯利姆","动作, 惊悚, 犯罪",美国 , 英语 / 俄语 / 西班牙语 / 印度尼西亚语 / 丹麦语 / 粤语 ,"2013-07-26(中国大陆)', '2013-05-24(美国)",130, 狂野时速6(港) / 玩命关头6(台) / Wild Speed: Euro Mission / Fast & Furious 6,7.8,215866,22.4,49.0,25.8,2.3,0.5,"动作, 速度与激情, 美国, 飙车, 犯罪, 赛车, 2013, 速度",461603,22315,45236,375,74,10,2010-2020,2013-07-26,美国,149765336.438467,738230644.234315
tt1170358,cool,https://movie.douban.com/subject/11606328/,霍比特人2：史矛革之战 The Hobbit: The Desolation of Smaug,2013,彼得·杰克逊,"J·R·R·托尔金, 弗兰·威尔士, 菲利帕·鲍恩斯, 彼得·杰克逊, 吉尔莫·德尔·托罗","伊恩·麦克莱恩, 马丁·弗瑞曼, 理查德·阿米蒂奇, 本尼迪克特·康伯巴奇, 奥兰多·布鲁姆, 伊万杰琳·莉莉, 李·佩斯, 卢克·伊万斯, 斯蒂芬·弗雷, 肯·斯托特, 詹姆斯·内斯比特, 约翰·贝尔, 马努·贝内特, 杰德·布罗菲, 亚当·布朗, 约翰·凯伦, 瑞安·盖奇, 马克·哈德洛, 彼得·汉布尔顿, 斯蒂芬·亨特, 威廉·基尔舍, 西尔维斯特·迈可伊, 格拉汉姆·麦克泰维什, 迪恩·奥戈曼, 米卡埃尔·佩斯布兰特, 艾丹·特纳","动作, 奇幻, 冒险",美国 / 新西兰 , 英语 ,"2014-02-21(中国大陆)', '2013-12-13(美国)",161, 霍比特人2：史矛革荒漠 / 哈比人：荒谷魔龙(港) / 哈比人：荒谷恶龙(台) / 霍比特人2：斯毛戈荒漠 / 指环王前传：霍比特人(中) / The Hobbit: Part 2,8.3,275629,36.1,46.0,16.1,1.5,0.3,"魔幻, 魔戒, 史诗, 美国, 奇幻, 2013, 美国电影, PeterJackson",455832,38585,53489,497,69,116,2010-2020,2014-02-21,美国,234008338.185106,897094365.2664231
tt0253474,cool,https://movie.douban.com/subject/1296736/,钢琴家 The Pianist,2002,罗曼·波兰斯基,罗纳德·哈伍德,"艾德里安·布洛迪, 托马斯·克莱舒曼, 艾米莉娅·福克斯, 米哈乌·热布罗夫斯基, 埃德·斯托帕德, 穆琳·利普曼, 弗兰克·芬莱, 茱莉亚·蕾娜, 杰西卡·凯特·梅耶尔, 理查德·赖丁斯","剧情, 音乐, 传记, 历史, 战争",法国 / 德国 / 英国 / 波兰 , 英语 / 德语 / 俄语 ,"2002-05-24(戛纳电影节)', '2002-09-25(法国)",150, 战地琴声(台) / 战地琴人 / 钢琴战曲 / 钢琴师,9.1,346239,63.1,31.6,5.0,0.3,0.1,"二战, 战争, 人性, 钢琴, 音乐, 波兰斯基, 德国, 法国",490712,216453,56257,1264,200,25,2000-2010,2002-05-24,法国,42429148.7767191,145559349.52963
tt1298650,cool,https://movie.douban.com/subject/3227410/,加勒比海盗4：惊涛怪浪 Pirates of the Caribbean: On Stranger Tides,2011,罗伯·马歇尔,"泰德·艾略特, 特里·鲁西奥","约翰尼·德普, 佩内洛普·克鲁兹, 杰弗里·拉什, 伊恩·麦柯肖恩, 凯文·麦克纳利, 山姆·克拉弗林, 阿斯特丽德·伯格斯-弗瑞斯贝, 斯蒂芬·格拉汉姆, 凯斯·理查德兹, 理查德·格雷弗斯, 格雷格·埃利斯, 达米恩·奥哈尔, 奥斯卡·贾恩那达, 安东·莱瑟, 罗杰·阿拉姆, 朱迪·丹奇, 克里斯托弗·法里班克, 保罗·巴泽利, 布隆森·韦伯, 理查德·汤姆森, 松崎悠希, 罗比·凯, 斯蒂夫·艾弗茨, Ian Mercer, 道比·欧帕瑞, 嘉玛·沃德, 塞巴斯蒂安·阿梅斯托, 胡安·卡洛斯·凡希多, 杰拉德·摩纳科, 卢克·罗伯茨, 丹尼尔·英格斯, 艾米莉亚·琼斯, 帕特里克·肯尼迪, Jody Halse, 克利福德·罗斯, Sanya Hughes, 达芙妮, Antoinette Nikprelaj, 德里克·梅耶斯, 金塔雷·贝尼奥拉维特, 贝恩·科拉科, Elliott Crossley, Kit Farrell, 尼可拉·芬恩, 鲍比·霍兰德·汉顿, Harley Jay, Jeremy King, 特蕾莎·马奥尼, 让·皮埃尔·普拉茨, Kristen StephensonPino, 哈维·沃尔什","动作, 奇幻, 冒险",美国 , 英语 ,2011-05-20(美国/中国大陆),136, 加勒比海盗：魔盗狂潮(港) / 加勒比海盗 神鬼奇航：幽灵海(台) / 加勒比海盗4：陌生的潮汐 / Pirates 4,7.7,285603,20.8,45.5,30.3,3.0,0.4,"海盗, 美国, 奇幻, 冒险, 美人鱼, 2011, 动作, 3D",489450,35521,58971,944,185,9,2010-2020,2011-05-20,中国大陆,368371256.18475896,990417500.348983
tt0319061,cool,https://movie.douban.com/subject/1291545/,大鱼 Big Fish,2003,蒂姆·波顿,"Daniel Wallace, 约翰·奥古斯特","伊万·麦克格雷格, 阿尔伯特·芬尼, 比利·克鲁德普, 杰西卡·兰格, 海伦娜·伯翰·卡特, 艾莉森·洛曼, 罗伯特·吉尔劳姆, 玛丽昂·歌迪亚, 马修·麦克格罗里, 大卫·丹曼, 米西·派勒, 卢顿·万恩怀特三世, 艾达·泰, 艾伦妮·泰, 史蒂夫·布西密, 丹尼·德维托, 迪普·罗伊, 海利·安妮·内尔森","剧情, 家庭, 奇幻, 冒险",美国 , 英语 / 法语 / 俄语 / 粤语 / 汉语普通话 ,"2003-12-04(纽约首映)', '2004-01-09(美国)",125, 大鱼奇缘(港) / 大智若鱼(台) / 大鱼老爸,8.8,401950,51.2,37.7,10.1,0.8,0.2,"亲情, 奇幻, 美国, TimBurton, 童话, 魔幻, 剧情, 美国电影",564562,225278,78274,1944,261,26,2000-2010,2003-12-04,美国,82974685.1347769,145702426.93841898
tt1872181,cool,https://movie.douban.com/subject/6082518/,超凡蜘蛛侠2 The Amazing Spider-Man 2,2014,马克·韦布,"艾里克斯·库兹曼, 罗伯托·奥奇, 杰夫·皮克纳, 詹姆斯·范德比尔特, 斯坦·李, 史蒂夫·迪特寇","安德鲁·加菲尔德, 艾玛·斯通, 杰米·福克斯, 戴恩·德哈恩, 坎贝尔·斯科特, 艾伯丝·戴维兹, 科鲁姆·费奥瑞, 保罗·吉亚玛提, 莎莉·菲尔德, 克里斯·泽尔卡, 丹尼斯·利瑞, 弗兰克·迪尔, 马尔顿·索克斯, 斯坦·李, 麦克斯·查尔斯, 菲丽希缇·琼斯","动作, 科幻, 冒险",美国 , 英语 ,"2014-05-04(中国大陆)', '2014-05-02(美国)",142, 蜘蛛人惊奇再起2：电光之战(台) / 蜘蛛侠2 : 决战电魔(港) / 超凡蜘蛛侠2：电光人崛起 / The Amazing Spider-Man 2: Rise of Electro / London Calling,7.5,210869,17.7,44.1,33.3,4.2,0.8,"科幻, 美国, 动作, Marvel, 蜘蛛侠, 漫画改编, 2014, 新蜘蛛侠2",389276,20082,44656,550,66,131,2010-2020,2014-05-04,美国,184218210.154291,650030010.988616
tt2310332,cool,https://movie.douban.com/subject/2973079/,霍比特人3：五军之战 The Hobbit: The Battle of the Five Armies,2014,彼得·杰克逊,"弗兰·威尔士, 菲利帕·鲍恩斯, 彼得·杰克逊, 吉尔莫·德尔·托罗, J·R·R·托尔金","马丁·弗瑞曼, 伊恩·麦克莱恩, 理查德·阿米蒂奇, 伊万杰琳·莉莉, 李·佩斯, 卢克·伊万斯, 本尼迪克特·康伯巴奇, 肯·斯托特, 詹姆斯·内斯比特, 比利·康诺利, 凯特·布兰切特, 伊安·霍姆, 克里斯托弗·李, 雨果·维文, 奥兰多·布鲁姆, 马努·贝内特, 艾丹·特纳, 迪恩·奥戈曼, 格拉汉姆·麦克泰维什, 斯蒂芬·弗雷, 米卡埃尔·佩斯布兰特","动作, 奇幻, 冒险",美国 / 新西兰 , 英语 ,"2015-01-23(中国大陆)', '2014-12-17(美国)",144, 哈比人：五军之战(港台) / 哈比人：奇境再返(台) / 哈比人：汗血回归 / 指环王前传：霍比特人(下) / 霍比特人3：去而复返 / There and Back Agai,8.4,281210,40.1,41.9,16.0,1.6,0.4,"魔幻, 美国, 史诗, 奇幻, 指环王前传, 魔戒, 冒险, 2014",452299,44558,60959,756,79,175,2010-2020,2015-01-23,美国,230272762.692864,879752289.141534
tt1853728,cool,https://movie.douban.com/subject/6307447/,被解救的姜戈 Django Unchained,2012,昆汀·塔伦蒂诺,昆汀·塔伦蒂诺,"杰米·福克斯, 莱昂纳多·迪卡普里奥, 克里斯托弗·瓦尔兹, 塞缪尔·杰克逊, 凯丽·华盛顿, 沃尔顿·戈金斯, 丹尼斯·克里斯托弗, 乔纳·希尔, 詹姆斯·瑞马尔, 爱波·塔布琳, 弗兰科·内罗, 罗伯特·卡拉丁, 佐伊·贝尔","剧情, 动作, 西部, 冒险",美国 , 英语 / 法语 / 德语 ,"2013-05-12(中国大陆)', '2012-12-25(美国)",163, 被解放的姜戈 / 决杀令(台) / 黑杀令(港) / 被解放的迪亚戈 / 铁血枷锁 / 解放的詹哥 / 奔放的强哥 / 强哥好强,8.7,419772,47.0,42.2,9.9,0.7,0.2,"美国, 西部, 黑色幽默, 暴力, 西部片, 剧情, 人性, 动作",561562,162494,91084,1135,285,40,2010-2020,2013-05-12,美国,94974428.1352245,403991051.509381
tt2293640,cool,https://movie.douban.com/subject/11624706/,小黄人大眼萌 Minions,2015,"凯尔·巴尔达, 皮埃尔·柯芬",布莱恩·林奇,"桑德拉·布洛克, 乔恩·哈姆, 迈克尔·基顿, 艾莉森·珍妮, 史蒂夫·库根, 珍妮弗·桑德斯, 杰弗里·拉什, 史蒂夫·卡瑞尔, 皮埃尔·柯芬, 凯蒂·米克松, 迈克尔·贝亚蒂, 真田广之, 大卫·罗森鲍姆, 亚历克斯·道丁, 保罗·索恩利","喜剧, 动画",美国 , 英语 / 西班牙语 ,"2015-09-13(中国大陆)', '2015-07-10(美国)",91, 小黄人 / 迷你兵团(港) / 小小兵(台) / 小黄人大电影,7.5,204728,20.4,42.0,32.6,4.3,0.7,"动画, 小黄人, 美国, 喜剧, 搞笑, 萌, 2015, 3D",374004,26986,42073,232,13,60,2010-2020,2015-09-13,美国,68079970.0448131,1064192016.7955099
tt1399103,cool,https://movie.douban.com/subject/3610047/,变形金刚3 Transformers: Dark of the Moon,2011,迈克尔·贝,伊伦·克鲁格,"希亚·拉博夫, 罗茜·汉丁顿-惠特莉, 乔什·杜哈明, 约翰·特托罗, 泰瑞斯·吉布森, 帕特里克·德姆西, 弗兰西斯·麦克多蒙德, 约翰·马尔科维奇, 凯文·杜恩, 朱丽叶·怀特, 艾伦·图代克, 郑肯, 格伦·莫肖尔, 莱斯特·斯派特, 巴兹·奥德林, 比尔·奥雷利, 拉维尔·伊斯亚诺夫, Dustin Dennard, 斯科特·C·罗伊, 詹姆斯·D·韦斯顿二世, 米卡尔·威戈, 肯尼·谢尔德, 乔什·凯利, 安庆名惠子, 拉莫尼卡·加勒特, 约翰托宾, 拉里·克拉克, 汤姆·维图, 托马斯·克劳福德, 凯文·塞兹摩尔, 阿兰·皮特鲁塞泽维斯基, 迈克尔·丹尼尔·卡萨迪, 皮特·穆尔尼克, 唐·詹尼斯, 大卫·圣.詹姆斯, 埃利亚·巴斯金, 因纳·克洛姬娜, 凯瑟琳·加蒂, 克里斯·谢菲尔德, 肯·竹本, 明迪·斯特林, 斯蒂芬·泰勒, 安德鲁·达利, 斯科特·克林斯基, 凯瑟琳·西吉斯蒙德, 麦丽·弗拉纳甘, 杰克·阿克塞尔罗德, 梅乐迪丝·梦露, Jennifer Williams, 丹尼·麦卡锡, 约翰·图尔克, 伊克博·塞巴, 安东尼·阿齐兹, 萨米·谢伊克, 马克·瑞安, 彼特·库伦, 雨果·维文, 伦纳德·尼莫伊, 杰斯·哈梅尔, 查尔斯·阿德勒, 罗伯特·福克沃斯, 詹姆斯·瑞马尔, 弗朗西斯科·奎因, 乔治·科, 汤姆·肯尼, 雷诺·维尔森","动作, 科幻",美国 , 英语 / 西班牙语 / 俄语 / 荷兰语 ,"2011-07-21(中国大陆)', '2011-06-29(美国)",154, 变形金刚3：黑月降临(港) / 变形金刚3：月黑之时 / 变形金刚 Ⅲ / 变3 / Transformers: Dark of the Moon 3D,7.1,285864,14.3,38.0,39.9,6.4,1.4,"变形金刚, 科幻, 美国, 动作, 3D, 2011, 大片, IMAX",497156,25905,63143,1575,276,4,2010-2020,2011-07-21,美国,189032618.305337,1089358138.29044
tt0372784,cool,https://movie.douban.com/subject/1309069/,蝙蝠侠：侠影之谜 Batman Begins,2005,克里斯托弗·诺兰,"大卫·S·高耶, 克里斯托弗·诺兰","克里斯蒂安·贝尔, 迈克尔·凯恩, 连姆·尼森, 凯蒂·霍尔姆斯, 加里·奥德曼, 基里安·墨菲, 汤姆·威尔金森, 鲁特格尔·哈尔, 渡边谦, 小马克·布恩, 莱纳斯·罗彻, 摩根·弗里曼, 拉里·霍尔登, 杰拉德·墨菲, 柯林·麦克法兰, 莎拉·斯图尔特, 加斯·刘易斯, 理查德·布雷克, 拉德·舍博德兹加, 艾玛·洛克哈特, 克里斯蒂尼·亚当斯, 凯瑟琳·波特, 约翰·诺兰, 杰克·格里森","剧情, 动作, 科幻, 惊悚, 犯罪",美国 / 英国 , 英语 / 乌尔都语 / 汉语普通话 ,"2005-06-29(中国大陆)', '2005-06-15(美国)",140, 蝙蝠侠前传1：侠影之谜 / 蝙蝠侠：开战时刻(台) / 蝙蝠侠-侠影之谜(港) / 蝙蝠侠前传 / 蝙蝠侠5 / 蝙蝠侠诞生,8.4,254902,36.6,49.7,13.0,0.6,0.1,"蝙蝠侠, 科幻, 美国, 动作, 漫画改编, 超级英雄, DC, 2005",391777,35161,34866,333,87,17,2000-2010,2005-06-29,美国,167484493.448174,417838832.575019
tt0319262,cool,https://movie.douban.com/subject/1308779/,后天 The Day After Tomorrow,2004,罗兰·艾默里奇,"罗兰·艾默里奇, 杰弗利·纳赫马诺夫","丹尼斯·奎德, 杰克·吉伦哈尔, 埃米·罗森, 达什·米霍克, 杰伊·桑德斯, 雪拉·渥德, 奥斯汀·尼可斯, 阿尔杰·史密斯, 富田谭玲, 萨沙·罗伊茨, 伊安·霍姆, 肯尼斯·威尔什, 罗宾·威尔科克, 贾森·布利克, 肯尼思·莫斯科, 蒂姆·滨口, 格伦·普拉默, 艾德里安·莱斯特, 理查德·麦克米伦, 内斯特·塞拉诺, 克里斯·布里顿, 瓦拉斯塔·瓦拉纳, 保利娜·利特尔, 艾伦·福西特, 霍华德·比莱尔曼, 约翰·麦克拉伦, 理查德·泽曼, 佩里·金, 弗兰克·方丹, 米米·库兹克, 维塔利·马卡罗夫, 袁罗素, 蒂姆·巴格莱, 查克·沙曼塔, 菲利普·贾勒特, 艾安娜·奥申, 托尼·卡拉布雷塔, 薇安·温特, 希拉·麦卡锡, 汤姆·鲁尼, 艾米·斯洛安, 玛丽洛·贝吕古, 凯伦·格莱夫, 克里斯蒂安·特西尔, 乔·柯布登 , 卡罗琳·基南, 阿隆·鲁斯汀, 萨姆·伍兹, 杰克·劳弗, 吕克·莱图尔诺, 安妮·戴-琼斯, 埃马纽埃尔·奥斯-德马雷, 特里·辛普森, 何塞·拉蒙·罗萨里奥","动作, 科幻, 冒险, 灾难",美国 , 英语 / 日语 / 法语 / 阿拉伯语 / 西班牙语 ,"2004-05-28(中国大陆/美国)', '2004-05-17(墨西哥城首映)",124, 明日之后 / 末日浩劫 / 明日过后 / 末日世界,8.2,355049,30.8,51.1,17.0,0.9,0.1,"灾难, 科幻, 美国, 灾难片, 美国电影, 后天, 2004, 电影",585774,44912,40006,450,115,16,2000-2010,2004-05-28,墨西哥城首映,144305674.976518,628332770.733608
tt0316654,cool,https://movie.douban.com/subject/1308570/,蜘蛛侠2 Spider-Man 2,2004,山姆·雷米,"Alfred Gough, Miles Millar, 迈克尔·夏邦, 阿尔文·萨金特, 斯坦·李, 史蒂夫·迪特寇","托比·马奎尔, 克斯汀·邓斯特, 詹姆斯·弗兰科, 阿尔弗雷德·莫里纳, 罗斯玛丽·哈里斯, J·K·西蒙斯, 唐纳·墨菲, 丹尼尔·吉里斯, 迪伦·贝克, 比尔·努恩, 范妮莎·费丽托, 阿西夫·曼德维, 威廉·达福, 克里夫·罗伯逊, 泰德·雷米, 布鲁斯·坎贝尔 ","动作, 科幻, 冒险",美国 , 英语 / 俄语 / 汉语普通话 / 西班牙语 ,"2004-08-05(中国大陆)', '2004-06-30(美国)",127, 蜘蛛人2,7.6,196455,17.7,45.4,34.6,2.2,0.2,"科幻, 美国, 动作, 漫画改编, 蜘蛛侠, 美国电影, 蜘蛛侠2, 2004",388387,8946,12573,129,26,8,2000-2010,2004-08-05,美国,230889079.96242902,904815446.895049
tt0120363,cool,https://movie.douban.com/subject/1291574/,玩具总动员2 Toy Story 2,1999,"约翰·拉塞特, 艾什·布兰农, 李·昂克里奇","约翰·拉塞特, 彼特·道格特, 艾什·布兰农, 安德鲁·斯坦顿, 萧丽塔, 道格·钱伯林, 克里斯·韦伯","汤姆·汉克斯, 蒂姆·艾伦, 琼·库萨克, 凯尔希·格兰莫, 唐·里克斯, 吉姆·法尼, 华莱士·肖恩, 约翰·拉岑贝格, 安妮·波茨, 韦恩·奈特, 约翰·莫里斯, 劳里·梅特卡夫, 爱丝黛儿·哈里斯, 李·厄米, 裘蒂·班森","喜剧, 动画, 奇幻, 冒险",美国 , 英语 ,1999-11-24(美国),92, 反斗奇兵2(港) / 反斗奇兵续集 / 玩具的故事2,8.3,157593,32.9,50.2,16.1,0.7,0.1,"动画, 美国, 迪斯尼, pixar, 动画片, 1999, DISNEY, 美国电影",287416,13056,14757,86,28,1,1990-2000,1999-11-24,美国,117814756.19348899,634910500.711404
tt0242653,cool,https://movie.douban.com/subject/1302467/,黑客帝国3：矩阵革命 The Matrix Revolutions,2003,"莉莉·沃卓斯基, 拉娜·沃卓斯基","莉莉·沃卓斯基, 拉娜·沃卓斯基","基努·里维斯, 劳伦斯·菲什伯恩, 凯瑞-安·莫斯, 雨果·维文, 贾达·萍克·史密斯, 凯特·宾汉, 玛丽·爱丽丝, 莫妮卡·贝鲁奇, 埃茜·戴维斯, 克里斯托弗·卡比, 罗伯特·马莫内, 罗宾·奈文, 吉娜薇·欧瑞丽, 诺娜·加耶, 纳撒尼尔·利斯, 哈里·伦尼克斯, 哈罗德·佩里诺, 鲁伯特·雷德, 凯文·迈克尔·理查德森, 大卫·罗伯茨, 布鲁斯·斯宾斯, 吉娜·托瑞斯, 克莱顿·华生, 赫尔穆特·巴凯蒂斯, 邹兆龙, 乔·曼宁, Tanveer K. Atwal, 拉黑·休姆, 康奈尔·韦斯特, 伯纳德·怀特, 朗贝尔·维尔森, 安东尼·布兰登·黄, 安东尼·泽比, 克雷格·沃克","动作, 科幻",美国 / 澳大利亚 , 英语 / 法语 ,2003-11-05(美国/中国大陆),129, 骇客任务完结篇：最后战役 / 廿二世纪杀人网络3：惊变世纪 / 黑客帝国3,8.7,280382,50.5,37.0,11.3,1.0,0.2,"科幻, 动作, 美国, 黑客帝国, 经典, 哲学, 美国电影, KeanuReeves",430620,55426,24979,347,74,20,2000-2010,2003-11-05,中国大陆,177802896.717379,503760899.910245
tt0381681,cool,https://movie.douban.com/subject/1291990/,爱在日落黄昏时 Before Sunset,2004,理查德·林克莱特,"理查德·林克莱特, 朱莉·德尔佩, 伊桑·霍克, 金·克里桑","伊桑·霍克, 朱莉·德尔佩, 弗农·多布切夫, 路易丝·勒莫瓦纳·托雷斯, 罗多尔·保利, 玛丽安·普莱施泰格, Diabolo, 丹尼·弗拉, 艾伯特·德尔佩, 玛丽·佩里","剧情, 爱情",美国 / 法国 , 英语 / 法语 ,"2004-02-10(柏林电影节)', '2004-07-30(美国)",80, 日落巴黎(港) / 爱在日落巴黎时(台) / 日落之前 / 情留相逢时 / 爱在日落余晖时 / 爱在日落黄昏前,8.8,339217,53.5,35.2,10.0,1.0,0.3,"爱情, 文艺, 浪漫, 美国, 经典, 人生, 旅行, 2004",466038,261133,74422,2029,202,20,2000-2010,2004-02-10,美国,3117002.5794928,18462600.8177167
tt1663662,cool,https://movie.douban.com/subject/5323968/,环太平洋 Pacific Rim,2013,吉尔莫·德尔·托罗,"特拉维斯·比彻姆, 吉尔莫·德尔·托罗","查理·汉纳姆, 菊地凛子, 伊德里斯·艾尔巴, 查理·戴, 朗·普尔曼, 罗伯特·卡辛斯基, 马克斯·马蒂尼, 伯恩·戈曼, 小克利夫顿·克林斯, 芦田爱菜, 迪亚哥·克莱特霍夫, 希瑟·多克森, 罗伯特·梅耶, 刘智福, 刘智满, 刘智堂","动作, 科幻, 冒险",美国 , 英语 / 日语 / 粤语 / 汉语普通话 / 俄语 ,"2013-07-31(中国大陆)', '2013-07-12(美国)",131, 悍战太平洋(港),7.6,362648,22.1,43.4,29.3,4.2,1.0,"科幻, 美国, 机甲, 怪兽, 灾难, 动作, 机器人, 2013",589764,32592,102422,1316,297,23,2010-2020,2013-07-31,美国,168486003.493276,381529914.68992
tt0120735,cool,https://movie.douban.com/subject/1293350/,"两杆大烟枪 Lock, Stock and Two Smoking Barrels",1998,盖·里奇,盖·里奇,"杰森·弗莱明, 德克斯特·弗莱彻, 尼克·莫兰, 杰森·斯坦森, 斯蒂文·麦金托什, 斯汀, 维尼·琼斯","剧情, 喜剧, 犯罪",英国 , 英语 ,1998-08-28(英国),107, 够姜四小强(港) / 两根枪管(台) / 两只老烟枪 / 魔高一丈 / 两杆老烟枪,9.1,417915,62.8,30.3,6.2,0.5,0.2,"黑色幽默, 英国, 喜剧, 犯罪, 黑帮, 剧情, 经典, 黑色",573372,258302,76786,680,223,29,1990-2000,1998-08-28,英国,1805888.8832556999,5213760.39172004
tt1318514,cool,https://movie.douban.com/subject/3274505/,猩球崛起 Rise of the Planet of the Apes,2011,鲁伯特·瓦耶特,"里克·杰法, 阿曼达·斯尔沃, 皮埃尔·布尔","詹姆斯·弗兰科, 安迪·瑟金斯, 汤姆·费尔顿, 芙蕾达·平托, 布莱恩·考克斯, 泰勒·莱伯恩, 约翰·利思戈, 卡琳·考诺娃, 泰瑞·诺塔里, 理查德·赖丁斯, 克里斯托弗·戈登, 德文·达尔顿, 杰·卡普托, 大卫·奥伊罗, 杰米·哈里斯","剧情, 动作, 科幻",美国 , 英语 / 美国手语 ,"2011-10-28(中国大陆)', '2011-08-05(美国)",105, 猿族崛起 / 猿人争霸战：猩凶革命(港) / 猩团的崛起 / 猩猩星星的新兴(豆友译名) / 猩星新兴(豆友译名) / Rise of the Apes,8.1,343729,26.2,53.8,18.7,1.2,0.2,"科幻, 美国, 人性, 动作, 2011, 剧情, 温情, 震撼",554217,28305,64842,1179,169,11,2010-2020,2011-10-28,美国,90154017.96100691,468083718.184356
tt0234215,cool,https://movie.douban.com/subject/1304141/,黑客帝国2：重装上阵 The Matrix Reloaded,2003,"莉莉·沃卓斯基, 拉娜·沃卓斯基","莉莉·沃卓斯基, 拉娜·沃卓斯基","基努·里维斯, 劳伦斯·菲什伯恩, 凯瑞-安·莫斯, 雨果·维文, 莫妮卡·贝鲁奇, 赫尔穆特·巴凯蒂斯, 斯蒂夫·巴什托尼, 克里斯汀·阿努, 丹尼尔·伯哈特, 约瑟芬·白内斯, 安迪·阿尼斯, 贾达·萍克·史密斯, 邹兆龙, 埃茜·戴维斯, 纳许·埃哲顿, 格洛丽亚·福斯特, 大卫·富兰克林, 诺娜·加耶, 小罗伊·琼斯, 大卫·基尔德, 兰德尔·杜克·金, 克里斯托弗·卡比, 纳撒尼尔·利斯, 哈里·伦尼克斯, 罗伯特·马莫内, 马特·麦科姆, 罗宾·奈文, 大卫·诺, 吉娜薇·欧瑞丽, 苏格拉底·奥图, 哈罗德·佩里诺, 阿德里安·雷梅特, 尼尔·雷梅特, 鲁伯特·雷德, 大卫·罗伯茨, 凯文·斯科特, 尼坎德罗·托马斯, 吉娜·托瑞斯, 史蒂夫·维拉, 克莱顿·华生, 康奈尔·韦斯特, 雷·沃纳尔, 伯纳德·怀特, 朗贝尔·维尔森, 安东尼·布兰登·黄, 安东尼·泽比","动作, 科幻",美国 / 澳大利亚 , 英语 / 法语 ,"2003-07-18(中国大陆)', '2003-05-07(韦斯特伍德首映)', '2003-05-15(美国)",138, 黑客帝国2 / 骇客帝国2 / 骇客任务：重装上阵 / 廿二世纪杀人网络2：决战未来,8.6,240949,43.4,42.7,12.8,0.9,0.2,"科幻, 美国, 动作, 黑客帝国, 经典, 哲学, KeanuReeves, 美国电影",388883,29904,22180,156,46,11,2000-2010,2003-07-18,美国,177802896.717379,875501109.015934
tt2582802,cool,https://movie.douban.com/subject/25773932/,爆裂鼓手 Whiplash,2014,达米恩·查泽雷,达米恩·查泽雷,"迈尔斯·特勒, J·K·西蒙斯, 保罗·雷瑟, 梅莉莎·班诺伊, 奥斯汀·斯托维尔, 内特·朗, 克里斯·马尔基, 达蒙·冈普顿, Suanne Spoke, 马科斯·卡锡, Charlie Ian, 杰森·布莱尔, 科菲·斯里博伊, 卡维塔帕蒂尔, C.J. Vana, 塔里克·洛维, 卡尔文·C·温布什, 迈克尔·D·科恩, 艾普尔·格雷斯, 马库斯·亨德森, 亨利·G.桑德斯, 温迪·李, 米歇尔·拉夫","剧情, 音乐",美国 , 英语 ,"2014-01-16(圣丹斯电影节)', '2014-10-10(美国)",107, 鼓动真我(港) / 进击的鼓手(台) / 鼓动人生(台) / 鞭打 / The Whiplash Drummer,8.7,379337,47.2,40.4,10.9,1.0,0.4,"音乐, 励志, 美国, 梦想, 成长, 爵士, 剧情, 人性",508203,151118,92531,1916,110,135,2010-2020,2014-01-16,美国,3039600.46754581,12888912.7349127
tt1504320,cool,https://movie.douban.com/subject/4023638/,"""国王的演讲 The Kings Speech""",2010,汤姆·霍伯,大卫·塞德勒,"科林·费尔斯, 杰弗里·拉什, 海伦娜·伯翰·卡特, 盖·皮尔斯, 迈克尔·刚本, 蒂莫西·斯波, 詹妮弗·艾莉, 德里克·雅各比, 安东尼·安德鲁斯, 克莱尔·布鲁姆","剧情, 传记, 历史",英国 / 澳大利亚 / 美国 , 英语 ,"2012-02-24(中国大陆)', '2010-09-06(特柳赖德电影节)', '2010-12-25(美国)', '2011-01-07(英国)",118, 皇上无话儿(港) / 王者之声：宣战时刻(台) / 王的演讲 / 国王的演说,8.4,471584,34.7,50.7,13.7,0.7,0.1,"英国, 励志, 传记, 剧情, 奥斯卡, 历史, 经典, 2010",750312,173693,83466,1315,65,9,2000-2010,2012-02-24,英国,15000000.0,414211549.0
tt0103045,cool,https://movie.douban.com/subject/1302090/,逃学威龙 逃學威龍,1991,陈嘉上,"陈嘉上, 黄炳耀","周星驰, 张敏, 吴孟达, 张耀扬, 黄一山, 秦沛, 苑琼丹, 陈国新","喜剧, 动作, 爱情",中国香港 , 粤语 ,1991-07-18(中国香港),100, Fight Back to School,7.9,213010,23.1,48.3,26.9,1.5,0.2,"周星驰, 喜剧, 香港, 香港电影, 搞笑, 逃学威龙, 1991, 电影",373945,8881,13393,53,21,2,1990-2000,1991-07-18,中国香港,0.0,0.0
tt1663202,cool,https://movie.douban.com/subject/5327268/,荒野猎人 The Revenant,2015,亚利桑德罗·冈萨雷斯·伊纳里图,"马克·L·史密斯, 亚利桑德罗·冈萨雷斯·伊纳里图, 迈克尔·庞克","莱昂纳多·迪卡普里奥, 汤姆·哈迪, 多姆纳尔·格里森, 威尔·保尔特, 福勒斯特·古德勒克, 保罗·安德森, 克里斯托弗·约纳尔, 约书亚·博格, 杜安·霍华德, 梅劳·纳克霍克, 亚瑟·雷德克劳德, 克里斯托弗·罗莎蒙德, 罗伯特·莫隆尼, 卢卡斯·哈斯, 布莱登·佛雷切, 伊曼纽尔·比洛多, 汤姆·盖里, 斯科特·奥林克, 格蕾丝·德芙, 阿德里安·格林·麦莫伦, 哈维尔·博泰特, 布拉德·卡特, 雷·蔡斯, 查尔斯·法西, 杰伊·塔瓦尔, 迈克尔·维拉尔","剧情, 动作, 冒险",美国 / 中国香港 / 中国台湾 , 英语 / 波尼语 / 法语 ,"2016-03-18(中国大陆)', '2015-12-16(美国加州)', '2016-01-08(美国)",156, 复仇勇者(港) / 神鬼猎人(台) / 还魂者 / 亡魂 / 归来者,7.9,317208,24.2,50.4,23.1,1.9,0.4,"小李子, 美国, 复仇, 冒险, 人性, 剧情, 西部, 生存",493003,68721,78525,1381,41,145,2010-2020,2016-03-18,美国,124199945.352024,490314247.02173096
tt1392190,cool,https://movie.douban.com/subject/3592854/,疯狂的麦克斯4：狂暴之路 Mad Max: Fury Road,2015,乔治·米勒,"乔治·米勒, 布伦丹·麦卡锡, 尼克·拉图里","汤姆·哈迪, 查理兹·塞隆, 尼古拉斯·霍尔特, 休·基斯-拜恩, 乔什·赫尔曼, 内森·琼斯, 佐伊·克罗维兹, 罗茜·汉丁顿-惠特莉, 丽莉·克亚芙, 阿比·丽, 考特尼·伊顿, 安格斯·桑普森, 理查德·卡特, 梅根·盖尔, 肖恩·哈普","动作, 科幻, 冒险",澳大利亚 / 美国 , 英语 ,"2015-05-14(澳大利亚)', '2015-05-15(美国)",120, 末日先锋：战甲飞车(港) / 疯狂麦斯：愤怒道(台) / 冲锋飞车队4 / 迷雾追魂手4 / 冲锋追魂手4 / 疯狂麦克斯4 / 疯狂迈斯：怒途 / Mad Max 4: Fury Road,8.6,351327,47.6,37.8,12.5,1.6,0.6,"暴力, 动作, 公路, 科幻, 美国, 冒险, 2015, 末世",466059,85235,82546,556,120,147,2010-2020,2015-05-14,美国,137999939.280026,348161292.489031
tt0232500,cool,https://movie.douban.com/subject/1304899/,速度与激情 The Fast and the Furious,2001,罗伯·科恩,"盖瑞·斯科特·汤普森, 大卫·阿耶, Erik Bergquist","范·迪塞尔, 保罗·沃克, 乔丹娜·布鲁斯特, 米歇尔·罗德里格兹, 尹成植, 查德·林德伯格, 强尼·斯特朗, 马特·斯查尔兹, 泰德·拉文, 杰·鲁, 维托·鲁吉尼斯, 汤姆·巴瑞, 诺尔·古格雷米","动作, 犯罪",美国 / 德国 , 英语 ,2001-06-22(美国),106, 玩命关头 / 狂野时速,7.8,143615,21.8,48.6,27.5,1.9,0.3,"动作, 美国, 赛车, 速度与激情, 飙车, 犯罪, 美国电影, 2001",307124,10752,15348,103,16,3,2000-2010,2001-06-22,美国,46796548.434365995,255267690.41915697
tt0083866,cool,https://movie.douban.com/subject/1294638/,E.T. 外星人 E.T.: The Extra-Terrestrial,1982,史蒂文·斯皮尔伯格,梅丽莎·马西森,"亨利·托马斯, 迪·沃伦斯, 罗伯特·麦克纳夫顿, 德鲁·巴里摩尔, 彼德·考约特","剧情, 科幻",美国 , 英语 ,"1982-05-26(戛纳电影节)', '1982-06-11(美国)",115," 外星人E.T. / 外星人 / ET / E.T. the Extra-Terrestrial / A Boy's Life""",8.6,246866,42.1,45.1,12.0,0.7,0.2,"科幻, 斯皮尔伯格, 经典, 美国, ET, 外星人, 美国电影, StevenSpielberg",429836,101918,27014,237,57,8,1980-1990,1982-05-26,美国,23726245.2267878,1791694309.24878
tt0099674,cool,https://movie.douban.com/subject/1294240/,教父3 The Godfather: Part III,1990,弗朗西斯·福特·科波拉,"马里奥·普佐, 弗朗西斯·福特·科波拉","阿尔·帕西诺, 黛安·基顿, 塔莉娅·夏尔, 安迪·加西亚, 埃里·瓦拉赫, 乔·曼特纳, 乔治·汉密尔顿, 布里吉特·芳达, 索菲亚·科波拉, 雷夫·瓦朗, 弗兰克·德安布罗西奥, 敦尔·当纳利, 理查德·布赖特, 赫尔穆特·贝格, 唐·诺韦洛","剧情, 犯罪",美国 , 英语 / 意大利语 / 德语 / 拉丁语 ,1990-12-25(美国),170, 教父第三集 / 教父 III,8.9,233082,55.0,35.4,8.9,0.6,0.2,"黑帮, 教父, 经典, 美国, 犯罪, 剧情, 人生, 电影",392837,111476,24961,385,96,26,1980-1990,1990-12-25,美国,90120521.17698729,228248681.236373
tt0413300,cool,https://movie.douban.com/subject/1418189/,蜘蛛侠3 Spider-Man 3,2007,山姆·雷米,"山姆·雷米, 伊万·莱米, 阿尔文·萨金特, 斯坦·李, 史蒂夫·迪特寇","托比·马奎尔, 克斯汀·邓斯特, 詹姆斯·弗兰科, 托马斯·哈登·丘奇, 托弗·戈瑞斯, 布莱丝·达拉斯·霍华德, 罗斯玛丽·哈里斯, J·K·西蒙斯, 詹姆斯·克伦威尔, 泰莉莎·拉塞尔, 迪伦·贝克, 比尔·努恩, 布鲁斯·坎贝尔 , 伊丽莎白·班克斯, 泰德·雷米","动作, 科幻, 冒险",美国 , 英语 ,"2007-05-01(中国大陆)', '2007-05-04(美国)",139, 蜘蛛人3,7.4,177283,16.8,41.3,37.7,3.7,0.5,"科幻, 美国, 蜘蛛侠, 动作, 漫画改编, 美国电影, 2007, 蜘蛛侠3",353495,11543,13780,297,83,2,2000-2010,2007-05-01,美国,271330494.318938,936901700.2220801
tt0258463,cool,https://movie.douban.com/subject/1304102/,谍影重重 The Bourne Identity,2002,道格·里曼,"托尼·吉尔罗伊, 罗伯特·鲁德鲁姆, W·布莱克·赫伦","马特·达蒙, 弗朗卡·波滕特, 克里斯·库珀, 克里夫·欧文, 朱丽娅·斯蒂尔斯, 布莱恩·考克斯, 阿德沃尔·阿吉纽依-艾格拜吉, 加布里埃尔·曼, 沃尔顿·戈金斯, 约什·汉密尔顿, 奥尔索·马利亚·奎利尼","动作, 悬疑, 惊悚",美国 / 德国 / 捷克 , 英语 / 法语 / 德语 / 荷兰语 / 意大利语 ,"2002-11-21(中国大陆)', '2002-06-14(美国)",119, 叛谍追击(港) / 神鬼认证(台) / 伯恩的身份 / 身份的迷惑,8.6,299726,43.1,43.5,12.5,0.7,0.1,"动作, 间谍, 美国, MattDamon, 悬疑, 特工, 经典, 美国电影",460059,63423,36152,306,90,32,2000-2010,2002-11-21,美国,72735683.6172328,259465426.668732
tt0266697,cool,https://movie.douban.com/subject/1291580/,杀死比尔 Kill Bill: Vol. 1,2003,昆汀·塔伦蒂诺,"昆汀·塔伦蒂诺, 乌玛·瑟曼","乌玛·瑟曼, 刘玉玲, 薇薇卡·福克斯, 达丽尔·汉纳, 大卫·卡拉丁, 迈克尔·马德森, 朱莉·德赖弗斯, 栗山千明, 千叶真一, 刘家辉, 迈克尔·帕克斯, 迈克尔·鲍文, 国村隼, 大叶健二, 风祭由纪","动作, 惊悚, 犯罪",美国 , 英语 / 日语 / 法语 ,"2003-09-29(好莱坞首映)', '2003-10-10(美国)",111, 追杀比尔(台) / 标杀令(港) / 杀死比尔：第一卷,8.2,338826,35.1,45.1,17.1,2.1,0.6,"暴力, 动作, 美国, 暴力美学, 血腥, 犯罪, 经典, 2003",477626,81941,59210,555,172,26,2000-2010,2003-09-29,美国,35560579.3434758,214488375.720753
tt0073486,cool,https://movie.douban.com/subject/1292224/,"""飞越疯人院 One Flew Over the Cuckoos Nest""",1975,米洛斯·福尔曼,"劳伦斯·奥邦, 博·古德曼, 肯·凯西, 达尔·瓦瑟曼","杰克·尼科尔森, 丹尼·德维托, 克里斯托弗·洛伊德, 路易丝·弗莱彻, 威尔·萨姆森, 特德·马克兰德, 布拉德·道里夫, 斯加特曼·克罗索斯, 迈克尔·贝里曼, 彼得·布罗科, 穆瓦科·卡姆布卡, 威廉·达尔, 乔西普·艾利克, 西德尼·拉斯克, 凯·李, 德怀特·马费尔德, 路易莎·莫里茨, 威廉·雷德菲尔德, 菲利普·罗斯, 米米·萨奇席恩, 文森特·斯卡维利, 米斯·斯马尔, 德罗斯·V·史密斯",剧情,美国 , 英语 ,1975-11-19(美国),133, 飞越杜鹃窝(台) / 飞越喜鹊巢,9.1,417766,62.3,30.7,6.3,0.5,0.2,"人性, 自由, 经典, 美国, 剧情, 心理, 1975, 黑色幽默",616507,295332,75767,2162,282,44,1970-1980,1975-11-19,美国,12155463.5161866,441572637.403333
tt0439630,cool,https://movie.douban.com/subject/1329562/,头文字D 頭文字D,2005,"刘伟强, 麦兆辉","麦兆辉, 庄文强","周杰伦, 黄秋生, 铃木杏, 杜汶泽, 钟镇涛, 陈冠希, 余文乐, 陈小春, 津村和幸, 阿部力, 田中千绘, 刘畊宏","剧情, 动作",中国香港 / 日本 , 粤语 / 英语 ,"2005-06-23(中国大陆/中国香港)', '2005-06-19(北京首映)",107, 飘移族 / Initial D,7.4,246994,19.9,38.6,36.0,4.7,0.8,"周杰伦, 香港, 赛车, 头文字D, 青春, 香港电影, 陈冠希, 刘伟强",427024,14889,34358,293,62,1,2000-2010,2005-06-23,北京首映,1729556.53567481,7923133.10338828
tt1453405,cool,https://movie.douban.com/subject/3789848/,怪兽大学 Monsters University,2013,丹·斯坎隆,"罗伯特·L·贝尔德, 丹尼尔·吉尔森, 丹·斯坎隆","比利·克里斯托, 约翰·古德曼, 史蒂夫·布西密, 海伦·米伦, 彼得·孙, 乔尔·默里, 西恩·海耶斯, 大卫·弗利, 查理·戴, 阿尔弗雷德·莫里纳, 泰勒·莱伯恩, 内森·菲利安, 奥布瑞·普拉扎, 贝丝·比厄, 鲍比·莫尼汉, 朱丽亚·斯维尼","喜剧, 动画, 冒险",美国 , 英语 ,"2013-08-23(中国大陆)', '2013-06-21(美国)",104, 怪兽电力公司2：怪兽大学 / 怪物公司2：怪物大学 / 怪兽公司2 / 怪物公司2 / Monsters Inc. 2,8.2,272121,29.7,50.1,18.9,1.2,0.1,"动画, 美国, 皮克斯, 喜剧, 搞笑, 2013, 励志, 温情",393745,44457,54189,454,64,1,2010-2020,2013-08-23,美国,187206670.54808402,695996591.902562
tt4819560,cool,https://movie.douban.com/subject/25798448/,解救吾先生,2015,丁晟,丁晟,"刘德华, 刘烨, 吴若甫, 王千源, 林雪, 赵小锐, 李梦, 蔡鹭, 陆彭, 余皑磊","剧情, 犯罪",中国大陆 , 汉语普通话 ,"2015-09-30(中国大陆)', '2015-09-26(丝绸之路电影节)",106, 最强对手 / Saving Mr. Wu,7.7,309818,18.4,53.0,26.2,2.1,0.4,"犯罪, 中国大陆, 剧情, 警匪, 人性, 2015, 惊险, 动作",469897,34448,67043,798,44,100,2010-2020,2015-09-30,丝绸之路电影节,0.0,0.0
tt1013752,cool,https://movie.douban.com/subject/2132930/,速度与激情4 Fast & Furious,2009,林诣彬,"克里斯·摩根, 盖瑞·斯科特·汤普森","范·迪塞尔, 保罗·沃克, 米歇尔·罗德里格兹, 乔丹娜·布鲁斯特, 盖尔·加朵, 约翰·奥提兹, 拉兹·阿隆索, 谢伊·惠格姆, 莉萨·拉皮拉, 姜成镐, 格雷格·西佩斯","动作, 犯罪",美国 , 英语 ,"2009-04-15(中国大陆)', '2009-04-03(美国)",107, 赛车风云 / 狂野时速4 / 玩命关头4 / Fast and Furious 4,7.8,126559,19.5,50.8,27.9,1.6,0.2,"动作, 美国, 赛车, 速度与激情, 犯罪, 飙车, 2009, VinDiesel",281917,8178,10961,129,74,5,2000-2010,2009-04-15,美国,86394036.900621,369120316.604669
tt0387564,cool,https://movie.douban.com/subject/1417598/,电锯惊魂 Saw,2004,温子仁,"温子仁, 雷·沃纳尔","雷·沃纳尔, 加利·艾尔维斯, 丹尼·格洛弗, 肯·梁, 迪娜·迈耶, 迈克·巴特斯, 保罗·古德勒支, 迈克尔·爱默生, 本尼托·马丁内斯, 肖妮·史密斯, 麦肯兹·韦加, 莫妮卡·波特, 耐德·巴拉米, 亚丽姗卓·全, 托宾·贝尔","悬疑, 惊悚, 恐怖",美国 , 英语 ,"2004-01-19(圣丹斯电影节)', '2004-10-29(美国)",103, 夺魂锯(台) / 恐惧斗室(港) / 你死我活 / 链锯惊魂,8.7,340755,50.5,37.3,10.8,1.0,0.4,"惊悚, 血腥, 恐怖, 悬疑, 电锯惊魂, 美国, 犯罪, 暴力",489413,79487,54673,547,211,25,2000-2010,2004-01-19,美国,1385334.47977457,119960348.263852
tt2109248,cool,https://movie.douban.com/subject/7054604/,变形金刚4：绝迹重生 Transformers: Age of Extinction,2014,迈克尔·贝,伊伦·克鲁格,"马克·沃尔伯格, 斯坦利·图齐, 凯尔希·格兰莫, 妮可拉·佩尔茨, 杰克·莱诺, 提图斯·维里沃, 索菲娅·迈尔斯, 李冰冰, T·J·米勒, 彼特·库伦, 约翰·迪·马吉欧, 罗伯特·福克沃斯, 约翰·古德曼, 马克·瑞安, 渡边谦, 弗兰克·维尔克, 雷诺·维尔森, 阿比盖尔·克莱恩, 托马斯·列农, 韩庚, 巫刚, 吕良伟, 王敏德, 纪培慧, 邹市明","动作, 科幻",美国 / 中国大陆 , 英语 / 汉语普通话 / 粤语 ,"2014-06-19(中国香港首映)', '2014-06-27(美国/中国大陆)",166, 变形金刚：歼灭世纪(港) / 变形金刚4：灭绝时代 / 变形金刚4 / 变4 / Transformers 4,6.6,266077,11.2,27.9,44.5,12.7,3.6,"变形金刚, 科幻, 美国, 动作, 2014, 美国电影, Transformers, 电影",457107,34397,67484,900,106,200,2010-2020,2014-06-19,中国大陆,193429120.66200602,226127852.96439302
tt0112573,cool,https://movie.douban.com/subject/1294639/,勇敢的心 Braveheart,1995,梅尔·吉布森,兰道尔·华莱士,"梅尔·吉布森, 苏菲·玛索, 布莱恩·考克斯, 詹姆斯·卡沙莫, 辛·劳洛, 凯瑟琳·麦克马克, 安古斯·麦克菲登","剧情, 动作, 传记, 历史, 战争",美国 , 英语 / 法语 / 拉丁语 / 苏格兰盖尔语 ,"1995-05-18(西雅图电影节)', '1995-05-24(美国)",177, 惊世未了缘(港) / 梅尔吉勃逊之英雄本色(台),8.9,431900,55.4,34.6,9.1,0.7,0.2,"史诗, 战争, 自由, 勇敢的心, 经典, 梅尔·吉布森, 美国, 历史",671908,157940,66617,1058,219,8,1990-2000,1995-05-18,美国,103029614.431701,300503042.092462
